episode,epoch,env_steps,return,outcome,win_rate_100,x0_range,x0_aa,x0_ata,opponent
1,0,1669,-1487.2441653444994,crash,0.0,2932.968017578125,69.4098129272461,-95.72023010253906,straight
2,0,6028,-3214.194222391372,crash,0.0,2932.968017578125,69.4098129272461,-95.72023010253906,straight
3,0,7535,-1604.5133650938678,disengaged,0.0,3191.93896484375,-64.24273681640625,-111.86461639404297,straight
4,0,9059,-1303.467097107875,disengaged,0.0,3191.93896484375,-64.24273681640625,-111.86461639404297,straight
5,0,10897,-1270.7135169813018,disengaged,0.0,3296.672607421875,2.563436508178711,-108.37776947021484,straight
6,0,12504,-1259.7751464898954,disengaged,0.0,3296.672607421875,2.563436508178711,-108.37776947021484,straight
7,0,14277,-1282.8094925596872,disengaged,0.0,2962.958984375,15.14480209350586,-126.2438735961914,straight
8,0,15980,-1293.4117147046477,disengaged,0.0,2962.958984375,15.14480209350586,-126.2438735961914,straight
9,0,18525,-1437.116828083797,crash,0.0,3393.64990234375,-4.975345134735107,-134.68667602539062,bfm_angles
10,0,21500,-1461.2686805458163,crash,0.0,3393.64990234375,-4.975345134735107,-134.68667602539062,bfm_angles
11,0,22579,-1181.9081765491705,disengaged,0.0,3178.57861328125,-46.153194427490234,-123.79268646240234,straight
12,0,23686,-1195.9317530837993,disengaged,0.0,3178.57861328125,-46.153194427490234,-123.79268646240234,straight
13,0,24814,-1327.1549813826482,disengaged,0.0,3322.29345703125,16.357486724853516,-103.85237884521484,straight
14,0,25968,-1253.0064416756404,disengaged,0.0,3322.29345703125,16.357486724853516,-103.85237884521484,straight
15,0,28238,-1722.9824661417827,disengaged,0.0,3656.203125,16.15794563293457,-22.468603134155273,straight
16,0,30432,-1207.7057273691412,crash,0.0,3656.203125,16.15794563293457,-22.468603134155273,straight
17,0,31520,-1107.3513342496437,disengaged,0.0,4188.60595703125,-27.484272003173828,141.0382843017578,straight
18,0,32533,-1125.5125968518237,disengaged,0.0,4188.60595703125,-27.484272003173828,141.0382843017578,straight
19,0,33714,-1242.9257831766888,disengaged,0.0,3828.8427734375,52.521881103515625,166.91859436035156,straight
20,0,34904,-1253.0137144660537,disengaged,0.0,3828.8427734375,52.521881103515625,166.91859436035156,straight
21,1,36164,-1255.0605255105947,disengaged,0.0,3318.59130859375,-27.835721969604492,-102.28050994873047,straight
22,1,37407,-1244.8705588567752,disengaged,0.0,3318.59130859375,-27.835721969604492,-102.28050994873047,straight
23,1,39156,-1143.2497227718911,loss,0.0,3311.234619140625,-26.244386672973633,-133.8782196044922,bfm_angles
24,1,40987,-1526.1758370557573,crash,0.0,3311.234619140625,-26.244386672973633,-133.8782196044922,bfm_angles
25,1,42268,-1142.5139341706472,disengaged,0.0,3291.96826171875,-17.45002555847168,-67.85956573486328,straight
26,1,43572,-1201.9318576046185,disengaged,0.0,3291.96826171875,-17.45002555847168,-67.85956573486328,straight
27,1,44920,-1162.1840912389698,disengaged,0.0,3179.9921875,-18.280555725097656,-69.77471160888672,straight
28,1,46265,-1118.2779309590137,disengaged,0.0,3179.9921875,-18.280555725097656,-69.77471160888672,straight
29,1,47517,-1125.9427304184637,disengaged,0.0,3228.140380859375,-1.7102527618408203,-86.53040313720703,straight
30,1,48739,-1137.5414264806823,disengaged,0.0,3228.140380859375,-1.7102527618408203,-86.53040313720703,straight
31,1,50570,-1005.0143067890795,loss,0.0,3050.42431640625,36.251548767089844,-152.1917724609375,bfm_angles
32,1,52317,-1031.304772614498,loss,0.0,3050.42431640625,36.251548767089844,-152.1917724609375,bfm_angles
33,1,53563,-1436.718659407999,crash,0.0,3278.360595703125,-9.258519172668457,-103.19657897949219,straight
34,1,54821,-1497.037600323324,crash,0.0,3278.360595703125,-9.258519172668457,-103.19657897949219,straight
35,1,56439,-1504.3439633884495,crash,0.0,3715.090576171875,-172.55059814453125,158.50645446777344,bfm_angles
36,1,58896,-1435.8876861447018,crash,0.0,3715.090576171875,-172.55059814453125,158.50645446777344,bfm_angles
37,1,60681,-1402.2903117742705,disengaged,0.0,3147.409912109375,174.09133911132812,12.485669136047363,straight
38,1,62355,-1388.146124695315,disengaged,0.0,3147.409912109375,174.09133911132812,12.485669136047363,straight
39,1,63666,-1123.4702866952332,disengaged,0.0,2990.155029296875,75.9129638671875,130.56297302246094,straight
40,1,64801,-1120.0932741002516,disengaged,0.0,2990.155029296875,75.9129638671875,130.56297302246094,straight
41,2,66571,-1202.671427760512,crash,0.0,3692.4521484375,-143.8076934814453,-58.20644760131836,straight
42,2,68284,-1343.2822484179096,disengaged,0.0,3692.4521484375,-143.8076934814453,-58.20644760131836,straight
43,2,69693,-1089.6439589195702,disengaged,0.0,3375.837646484375,-92.19419860839844,-73.68415832519531,straight
44,2,71131,-1228.4205606677776,disengaged,0.0,3375.837646484375,-92.19419860839844,-73.68415832519531,straight
45,2,72699,-1176.5597030695499,disengaged,0.0,3222.39404296875,-25.714611053466797,-60.23137664794922,straight
46,2,74401,-1150.9982581256897,disengaged,0.0,3222.39404296875,-25.714611053466797,-60.23137664794922,straight
47,2,76083,-1191.1098232087104,disengaged,0.0,3255.847412109375,-77.1087417602539,-79.44131469726562,straight
48,2,77691,-1181.3258348340566,disengaged,0.0,3255.847412109375,-77.1087417602539,-79.44131469726562,straight
49,2,79397,-1221.6309312028266,disengaged,0.0,3495.09228515625,-135.35736083984375,-76.03927612304688,straight
50,2,81120,-1173.6738190159933,disengaged,0.0,3495.09228515625,-135.35736083984375,-76.03927612304688,straight
51,2,82603,-1163.228465866146,disengaged,0.0,3422.551025390625,-29.75390625,-88.01683044433594,straight
52,2,84038,-1173.0170509988839,disengaged,0.0,3422.551025390625,-29.75390625,-88.01683044433594,straight
53,2,85400,-1427.3758146942582,disengaged,0.0,3414.6513671875,-71.27264404296875,-84.2056655883789,straight
54,2,86820,-1517.6162219839216,disengaged,0.0,3414.6513671875,-71.27264404296875,-84.2056655883789,straight
55,2,88802,-1212.9968357051941,disengaged,0.0,2930.82177734375,-40.97276306152344,-45.03620529174805,straight
56,2,91076,-1974.003067671231,disengaged,0.0,2930.82177734375,-40.97276306152344,-45.03620529174805,straight
57,2,93390,-1650.4136514031266,crash,0.0,3359.219482421875,139.15283203125,-128.33663940429688,straight
58,2,95334,-1517.4983939792905,crash,0.0,3359.219482421875,139.15283203125,-128.33663940429688,straight
59,2,96846,-1828.6838264375008,crash,0.0,2515.2587890625,70.75409698486328,144.81796264648438,straight
60,2,98001,-1521.5370862426932,crash,0.0,2515.2587890625,70.75409698486328,144.81796264648438,straight
61,3,99664,-1396.6630025244401,disengaged,0.0,3561.119873046875,-95.52131652832031,-65.6537857055664,straight
62,3,101254,-1319.4147429265317,disengaged,0.0,3561.119873046875,-95.52131652832031,-65.6537857055664,straight
63,3,102890,-1234.311382434498,disengaged,0.0,3612.01220703125,-101.36537170410156,-83.255126953125,straight
64,3,104569,-1407.887946559128,disengaged,0.0,3612.01220703125,-101.36537170410156,-83.255126953125,straight
65,3,107080,-1661.3215261039682,crash,0.0,3361.11962890625,-101.09571838378906,-78.3593978881836,bfm_angles
66,3,109183,-1498.3175718456523,crash,0.0,3361.11962890625,-101.09571838378906,-78.3593978881836,bfm_angles
67,3,111210,-1669.2113674260463,crash,0.0,3470.82861328125,116.67393493652344,-115.57473754882812,straight
68,3,112581,-1388.1334040187126,crash,0.0,3470.82861328125,116.67393493652344,-115.57473754882812,straight
69,3,113954,-1052.6657712177782,loss,0.0,3493.81982421875,-116.34357452392578,-54.22609329223633,bfm_angles
70,3,115333,-1071.0894780744054,loss,0.0,3493.81982421875,-116.34357452392578,-54.22609329223633,bfm_angles
71,3,117408,-1289.4514475597903,disengaged,0.0,3397.43115234375,-178.66343688964844,-19.25967025756836,straight
72,3,119492,-1198.6649145759288,disengaged,0.0,3397.43115234375,-178.66343688964844,-19.25967025756836,straight
73,3,121425,-1160.5752658077583,disengaged,0.0,3489.4150390625,-13.750699996948242,-59.83251953125,straight
74,3,123474,-1364.3949282007522,crash,0.0,3489.4150390625,-13.750699996948242,-59.83251953125,straight
75,3,125038,-1187.3275454891957,disengaged,0.0,3276.90869140625,122.59928131103516,35.550418853759766,straight
76,3,126650,-1180.7110249478599,disengaged,0.0,3276.90869140625,122.59928131103516,35.550418853759766,straight
77,3,127744,-1482.7367104683199,crash,0.0,5019.49951171875,-26.904617309570312,-107.45050048828125,straight
78,3,128847,-1481.647333839242,crash,0.0,5019.49951171875,-26.904617309570312,-107.45050048828125,straight
79,3,131323,-1349.9449369464458,crash,0.0,4420.07177734375,28.39413833618164,-86.47808837890625,bfm_angles
80,3,133386,-1328.5621792358866,crash,0.0,4420.07177734375,28.39413833618164,-86.47808837890625,bfm_angles
81,4,134720,-1389.3681394276439,crash,0.0,3440.4599609375,48.13905715942383,-12.701485633850098,straight
82,4,136233,-1359.2039093117314,crash,0.0,3440.4599609375,48.13905715942383,-12.701485633850098,straight
83,4,137393,-1176.7650474583893,disengaged,0.0,3417.032470703125,-74.38016510009766,-151.91978454589844,straight
84,4,138543,-1144.7599331335916,disengaged,0.0,3417.032470703125,-74.38016510009766,-151.91978454589844,straight
85,4,140598,-1592.2325729093504,disengaged,0.0,3611.68505859375,-68.28404235839844,-68.25543212890625,straight
86,4,142592,-1765.8723652374617,disengaged,0.0,3611.68505859375,-68.28404235839844,-68.25543212890625,straight
87,4,145247,-1601.519130039529,crash,0.0,3452.84814453125,20.930526733398438,-27.485307693481445,bfm_angles
88,4,146362,-1027.0900196257546,loss,0.0,3452.84814453125,20.930526733398438,-27.485307693481445,bfm_angles
89,4,148062,-1344.3482226976894,crash,0.0,3623.24951171875,-152.3556365966797,-4.363174915313721,straight
90,4,149707,-1290.3170462125097,crash,0.0,3623.24951171875,-152.3556365966797,-4.363174915313721,straight
91,4,151118,-1278.863480467675,crash,0.0,3680.68359375,-111.3780288696289,-34.63093566894531,straight
92,4,152401,-1330.4555707132724,crash,0.0,3680.68359375,-111.3780288696289,-34.63093566894531,straight
93,4,154334,-1478.035184088686,disengaged,0.0,3228.130126953125,-123.78128051757812,-63.0774040222168,straight
94,4,156486,-1171.7539019404094,disengaged,0.0,3228.130126953125,-123.78128051757812,-63.0774040222168,straight
95,4,159044,-1801.6641709897285,crash,0.0,3858.320556640625,-82.69279479980469,98.07882690429688,straight
96,4,162719,-1778.7064954222071,crash,0.0,3858.320556640625,-82.69279479980469,98.07882690429688,straight
97,4,163735,-1502.445254417261,crash,0.0,4037.229248046875,163.651611328125,55.00147247314453,straight
98,4,164767,-1492.6490363391897,crash,0.0,4037.229248046875,163.651611328125,55.00147247314453,straight
99,4,167228,-1730.5998623591568,crash,0.0,2328.106201171875,81.94035339355469,138.94766235351562,straight
100,4,168980,-1631.8363878850735,crash,0.0,2328.106201171875,81.94035339355469,138.94766235351562,straight
101,5,172353,-1560.6436555061255,crash,0.0,3533.8095703125,-45.22550964355469,4.942103385925293,straight
102,5,174714,-3110.189198796466,disengaged,0.0,3533.8095703125,-45.22550964355469,4.942103385925293,straight
103,5,177459,-1298.2881264653033,crash,0.0,3455.110107421875,-105.94876861572266,-32.611083984375,straight
104,5,179852,-1255.7634228791549,crash,0.0,3455.110107421875,-105.94876861572266,-32.611083984375,straight
105,5,181191,-1535.0798310525884,crash,0.0,3500.744384765625,-159.81793212890625,-36.33468246459961,straight
106,5,182789,-1587.8164822143926,crash,0.0,3500.744384765625,-159.81793212890625,-36.33468246459961,straight
107,5,185005,-1702.0675958150227,disengaged,0.0,3266.615234375,40.132484436035156,-113.39024353027344,straight
108,5,187417,-1474.2564299927647,disengaged,0.0,3266.615234375,40.132484436035156,-113.39024353027344,straight
109,5,188696,-1525.4445361717621,crash,0.0,3612.855712890625,-154.6630859375,-87.46345520019531,straight
110,5,190144,-1654.6093836394193,crash,0.0,3612.855712890625,-154.6630859375,-87.46345520019531,straight
111,5,191649,-1670.5050123674864,crash,0.0,3377.7431640625,-154.3433380126953,-54.7761116027832,straight
112,5,193766,-2052.4691685792836,crash,0.0,3377.7431640625,-154.3433380126953,-54.7761116027832,straight
113,5,195135,-1568.6641359920882,crash,0.0,3486.893798828125,-177.58187866210938,43.784942626953125,bfm_angles
114,5,195610,-997.7812889631923,loss,0.0,3486.893798828125,-177.58187866210938,43.784942626953125,bfm_angles
115,5,196858,-1546.3199323166305,crash,0.0,3099.615966796875,46.257328033447266,95.17027282714844,straight
116,5,198170,-1560.7491804170809,crash,0.0,3099.615966796875,46.257328033447266,95.17027282714844,straight
117,5,199216,-1535.4932383131786,crash,0.0,2972.8759765625,7.5641188621521,-178.3319549560547,straight
118,5,200271,-1522.0847194354956,crash,0.0,2972.8759765625,7.5641188621521,-178.3319549560547,straight
119,5,201137,-1035.9824281491115,loss,0.0,4551.37353515625,48.57856369018555,9.236778259277344,bfm_angles
120,5,202586,-1424.7692464403808,crash,0.0,4551.37353515625,48.57856369018555,9.236778259277344,bfm_angles
121,6,204113,-1438.6932020776628,crash,0.0,3532.3251953125,175.79425048828125,-25.209083557128906,straight
122,6,205510,-1559.2587333865888,crash,0.0,3532.3251953125,175.79425048828125,-25.209083557128906,straight
123,6,206053,-948.0129301596377,loss,0.0,3692.8037109375,-102.67742919921875,-28.931529998779297,bfm_angles
124,6,206598,-944.6672060970512,loss,0.0,3692.8037109375,-102.67742919921875,-28.931529998779297,bfm_angles
125,6,208190,-1483.9651942041212,crash,0.0,3502.63818359375,136.48599243164062,113.61907196044922,bfm_angles
126,6,209740,-1486.0356116967073,crash,0.0,3502.63818359375,136.48599243164062,113.61907196044922,bfm_angles
127,6,210922,-1494.5555423459846,crash,0.0,3297.34716796875,166.1551513671875,161.59547424316406,bfm_angles
128,6,212141,-1527.0664190455268,crash,0.0,3297.34716796875,166.1551513671875,161.59547424316406,bfm_angles
129,6,213553,-1387.5766988371747,crash,0.0,3332.2333984375,-21.57599639892578,-153.8673553466797,straight
130,6,214995,-1412.513207347832,crash,0.0,3332.2333984375,-21.57599639892578,-153.8673553466797,straight
131,6,216013,-1534.0892317069251,crash,0.0,3407.73095703125,131.12046813964844,47.749874114990234,straight
132,6,216955,-1504.228584673226,crash,0.0,3407.73095703125,131.12046813964844,47.749874114990234,straight
133,6,218770,-1400.7538405501618,crash,0.0,3586.6904296875,-117.97272491455078,-67.6861801147461,straight
134,6,220566,-1385.9226556353892,crash,0.0,3586.6904296875,-117.97272491455078,-67.6861801147461,straight
135,6,223804,-2286.3910461707164,crash,0.0,3826.5546875,-129.51040649414062,-110.76375579833984,straight
136,6,225882,-1421.7678933624247,crash,0.0,3826.5546875,-129.51040649414062,-110.76375579833984,straight
137,6,227449,-1481.463811749737,crash,0.0,3123.746826171875,64.43737030029297,-121.9971923828125,straight
138,6,228930,-1539.5606795432968,crash,0.0,3123.746826171875,64.43737030029297,-121.9971923828125,straight
139,6,230086,-1450.6502471156498,crash,0.0,2446.85205078125,114.10951232910156,154.1871337890625,bfm_angles
140,6,231183,-1428.4565550440952,crash,0.0,2446.85205078125,114.10951232910156,154.1871337890625,bfm_angles
141,7,232399,-1560.437741179843,crash,0.0,3554.339599609375,-173.59457397460938,121.33216857910156,straight
142,7,233402,-1435.797212068701,crash,0.0,3554.339599609375,-173.59457397460938,121.33216857910156,straight
143,7,234872,-1721.5477701553098,crash,0.0,3460.66162109375,-108.92121887207031,106.26941680908203,straight
144,7,236453,-1727.317773539939,crash,0.0,3460.66162109375,-108.92121887207031,106.26941680908203,straight
145,7,237686,-1553.986981294809,crash,0.0,3271.659423828125,148.85939025878906,98.56712341308594,straight
146,7,239111,-1587.7326273627355,crash,0.0,3271.659423828125,148.85939025878906,98.56712341308594,straight
147,7,240147,-1444.0576194781838,crash,0.0,3463.4580078125,-146.1725311279297,145.73512268066406,straight
148,7,241228,-1439.695730247627,crash,0.0,3463.4580078125,-146.1725311279297,145.73512268066406,straight
149,7,241726,-984.3339592190672,loss,0.0,3658.81298828125,-140.3879852294922,-37.80415344238281,bfm_angles
150,7,242235,-984.3256143298738,loss,0.0,3658.81298828125,-140.3879852294922,-37.80415344238281,bfm_angles
151,7,243717,-1612.743262306055,crash,0.0,3282.53466796875,-104.40608978271484,-93.75423431396484,straight
152,7,245573,-1442.615925348022,crash,0.0,3282.53466796875,-104.40608978271484,-93.75423431396484,straight
153,7,246958,-1411.9018474923275,crash,0.0,3708.543212890625,-139.16517639160156,-32.75666046142578,straight
154,7,250882,-803.3950946606445,crash,0.0,3708.543212890625,-139.16517639160156,-32.75666046142578,straight
155,7,252058,-1541.8336371956655,crash,0.0,4461.12744140625,-112.15887451171875,49.481468200683594,straight
156,7,253251,-1527.167081297618,crash,0.0,4461.12744140625,-112.15887451171875,49.481468200683594,straight
157,7,254916,-1584.455486145858,crash,0.0,4968.54345703125,145.50137329101562,120.81926727294922,straight
158,7,256713,-1621.586207218325,crash,0.0,4968.54345703125,145.50137329101562,120.81926727294922,straight
159,7,257779,-1547.2620080017118,crash,0.0,3165.53271484375,-120.01448059082031,-131.52891540527344,straight
160,7,258781,-1439.2975361842975,crash,0.0,3165.53271484375,-120.01448059082031,-131.52891540527344,straight
