episode,epoch,env_steps,return,outcome,win_rate_100,x0_range,x0_aa,x0_ata
1,0,2002,-1035.3485161383226,crash,0.0,3228.062255859375,7.7033305168151855,19.634777069091797
2,0,8002,-3064.5679131638512,loss,0.0,3228.062255859375,7.7033305168151855,19.634777069091797
3,0,9013,-1121.1791970201368,crash,0.0,3466.3134765625,-15.242403984069824,-1.5120477676391602
4,0,10369,-1181.0906843110904,crash,0.0,3466.3134765625,-15.242403984069824,-1.5120477676391602
5,0,12016,-1137.8564330925437,crash,0.0,3449.8642578125,8.132493019104004,26.67731475830078
6,0,13597,-1083.8652886817345,crash,0.0,3449.8642578125,8.132493019104004,26.67731475830078
7,0,15103,-1124.7361676781761,crash,0.0,3465.69287109375,-1.33424973487854,17.180484771728516
8,0,17242,-1070.3910513944263,crash,0.0,3465.69287109375,-1.33424973487854,17.180484771728516
9,0,19524,-1057.8703693403022,crash,0.0,3405.04736328125,-2.753185510635376,1.4579620361328125
10,0,22436,-1059.3788203619363,crash,0.0,3405.04736328125,-2.753185510635376,1.4579620361328125
11,0,25445,-1040.6966806599319,crash,0.0,3564.25732421875,6.541934013366699,-1.2442153692245483
12,0,27820,-1052.7274357684353,crash,0.0,3564.25732421875,6.541934013366699,-1.2442153692245483
13,0,29972,-1090.0231100084966,crash,0.0,3617.060791015625,20.91180992126465,3.9472320079803467
14,0,31104,-1124.4422879493181,crash,0.0,3617.060791015625,20.91180992126465,3.9472320079803467
15,0,32652,-1085.0306055222957,crash,0.0,3528.991455078125,2.2691237926483154,14.934470176696777
16,0,33957,-1092.5498923861685,crash,0.0,3528.991455078125,2.2691237926483154,14.934470176696777
17,0,35287,-1075.4040912329745,crash,0.0,3571.3154296875,-1.4457802772521973,6.238327980041504
18,0,39027,-1249.7822968537089,crash,0.0,3571.3154296875,-1.4457802772521973,6.238327980041504
19,0,41294,-1083.738779156724,crash,0.0,3431.3623046875,-9.023632049560547,29.16750144958496
20,0,45831,-1145.5345919189406,crash,0.0,3431.3623046875,-9.023632049560547,29.16750144958496
21,1,47480,-1149.1623473040681,crash,0.0,3429.353759765625,-5.630858421325684,7.547299861907959
22,1,52038,-1231.9975344240652,crash,0.0,3429.353759765625,-5.630858421325684,7.547299861907959
23,1,53741,-1061.5385161372387,crash,0.0,3448.751953125,-2.6469779014587402,-19.369037628173828
24,1,55670,-1201.0559009736362,crash,0.0,3448.751953125,-2.6469779014587402,-19.369037628173828
25,1,57008,-1085.5595116953643,crash,0.0,3518.8154296875,4.027345657348633,14.26458740234375
26,1,58661,-1082.8883678867762,crash,0.0,3518.8154296875,4.027345657348633,14.26458740234375
27,1,61778,-1252.2870249308528,crash,0.0,3582.06201171875,-8.543379783630371,30.773324966430664
28,1,63443,-1082.4210663092076,crash,0.0,3582.06201171875,-8.543379783630371,30.773324966430664
29,1,65064,-1142.0509210238993,crash,0.0,3349.97021484375,-12.94515609741211,29.23956298828125
30,1,66796,-1147.5589751285127,crash,0.0,3349.97021484375,-12.94515609741211,29.23956298828125
31,1,68677,-1128.1071773087156,crash,0.0,3538.456787109375,-7.334356307983398,9.318634033203125
32,1,70469,-1095.1732794093602,crash,0.0,3538.456787109375,-7.334356307983398,9.318634033203125
33,1,76469,-1156.6224831681534,timeout,0.0,3223.705078125,3.19221568107605,0.4300866723060608
34,1,78229,-1048.7430667598464,crash,0.0,3223.705078125,3.19221568107605,0.4300866723060608
35,1,84229,-1711.6360035656178,loss,0.0,3567.522216796875,-31.01970100402832,24.368377685546875
36,1,90229,-2876.9404649115695,loss,0.0,3567.522216796875,-31.01970100402832,24.368377685546875
37,1,92442,-1091.5330111862975,crash,0.0,3634.6884765625,9.766618728637695,4.85181188583374
38,1,98442,-547.0768410077382,loss,0.0,3634.6884765625,9.766618728637695,4.85181188583374
39,1,104442,-2389.026192752467,loss,0.0,3410.87548828125,-7.858760356903076,29.05428123474121
40,1,110442,-2191.017427432124,loss,0.0,3410.87548828125,-7.858760356903076,29.05428123474121
41,2,116442,-308.55174435912636,loss,0.0,3468.47412109375,-11.772222518920898,7.349919319152832
42,2,122442,-59.43005183478797,loss,0.0,3468.47412109375,-11.772222518920898,7.349919319152832
43,2,128442,-361.3779519368539,loss,0.0,3542.3916015625,-2.084439754486084,-7.379653453826904
44,2,134442,-1278.8110803820853,loss,0.0,3542.3916015625,-2.084439754486084,-7.379653453826904
45,2,140442,-270.981420861875,loss,0.0,3488.50537109375,-17.477602005004883,4.4202117919921875
46,2,146442,-98.97588398969647,loss,0.0,3488.50537109375,-17.477602005004883,4.4202117919921875
47,2,152442,-401.3829509983605,loss,0.0,3497.541748046875,2.363574266433716,-0.7198514342308044
48,2,158442,-424.7528229878246,loss,0.0,3497.541748046875,2.363574266433716,-0.7198514342308044
49,2,164442,-361.4679030022517,loss,0.0,3282.59423828125,0.8398056030273438,16.208740234375
50,2,170442,-93.34184126114489,loss,0.0,3282.59423828125,0.8398056030273438,16.208740234375
51,2,176442,-648.0053301691476,loss,0.0,3526.24560546875,-15.927936553955078,17.85488510131836
52,2,182442,-513.4856455662763,loss,0.0,3526.24560546875,-15.927936553955078,17.85488510131836
53,2,188442,-611.759428961351,loss,0.0,3547.4052734375,15.450580596923828,19.41291618347168
54,2,194442,-177.04660177669265,loss,0.0,3547.4052734375,15.450580596923828,19.41291618347168
55,2,200442,-1645.4359584108643,loss,0.0,3456.7373046875,1.7524021863937378,7.4005513191223145
56,2,206442,101.23947836218206,loss,0.0,3456.7373046875,1.7524021863937378,7.4005513191223145
57,2,211735,-1741.7172486946906,crash,0.0,3401.75439453125,-0.899326503276825,15.475715637207031
58,2,217735,-297.5668265496998,loss,0.0,3401.75439453125,-0.899326503276825,15.475715637207031
59,2,223735,-231.3160481772817,loss,0.0,3267.03857421875,-6.213876247406006,30.314123153686523
60,2,229735,-209.06278683388865,loss,0.0,3267.03857421875,-6.213876247406006,30.314123153686523
61,3,235735,-234.97275617631394,loss,0.0,3189.8779296875,20.939884185791016,2.4828500747680664
62,3,241735,-11.888486317937218,loss,0.0,3189.8779296875,20.939884185791016,2.4828500747680664
63,3,247735,-168.33592176515617,loss,0.0,3615.98193359375,-34.22623062133789,4.452686786651611
64,3,253735,-158.99509470572121,loss,0.0,3615.98193359375,-34.22623062133789,4.452686786651611
65,3,259735,-431.4659037022338,loss,0.0,3650.305419921875,-4.134574890136719,22.29773712158203
66,3,265735,-294.24138744006103,loss,0.0,3650.305419921875,-4.134574890136719,22.29773712158203
67,3,271735,-260.410090611215,loss,0.0,3456.091796875,9.985541343688965,10.065596580505371
68,3,277735,-193.26034733510446,loss,0.0,3456.091796875,9.985541343688965,10.065596580505371
69,3,279352,-1062.9881577451304,crash,0.0,3382.59326171875,-14.53840160369873,22.505950927734375
70,3,285352,-279.1449832824432,loss,0.0,3382.59326171875,-14.53840160369873,22.505950927734375
71,3,291352,-531.9192861587633,loss,0.0,3579.87939453125,-18.58522605895996,10.190499305725098
72,3,297352,-333.9221699749595,loss,0.0,3579.87939453125,-18.58522605895996,10.190499305725098
73,3,303352,-840.4973002301305,win,0.0136986301369863,3477.392333984375,-18.234243392944336,12.226380348205566
74,3,309352,69.82372916171832,loss,0.013513513513513514,3477.392333984375,-18.234243392944336,12.226380348205566
75,3,311297,-1040.9255040332532,crash,0.013333333333333334,3475.31982421875,7.452985763549805,20.984899520874023
76,3,317297,-23.283712545980432,loss,0.013157894736842105,3475.31982421875,7.452985763549805,20.984899520874023
77,3,323297,-265.0146686052243,loss,0.012987012987012988,3158.640380859375,-3.274068832397461,23.951128005981445
78,3,329297,-226.3435384973654,loss,0.01282051282051282,3158.640380859375,-3.274068832397461,23.951128005981445
79,3,335297,-367.20971550425486,loss,0.012658227848101266,3549.123779296875,-35.63896942138672,20.529712677001953
80,3,341297,-165.65218250505308,loss,0.0125,3549.123779296875,-35.63896942138672,20.529712677001953
81,4,347297,-81.34205628265899,loss,0.012345679012345678,3588.240478515625,-38.97736740112305,-16.392932891845703
82,4,353297,-220.33187600812929,loss,0.012195121951219513,3588.240478515625,-38.97736740112305,-16.392932891845703
83,4,359297,16.275272741496202,loss,0.012048192771084338,3561.10546875,9.608335494995117,4.8819708824157715
84,4,365297,201.45546419293524,timeout,0.011904761904761904,3561.10546875,9.608335494995117,4.8819708824157715
85,4,371297,-154.650941446805,loss,0.011764705882352941,3777.559814453125,-5.553075313568115,4.317777633666992
86,4,377297,-302.8823840952659,loss,0.011627906976744186,3777.559814453125,-5.553075313568115,4.317777633666992
87,4,383297,98.97009102377176,loss,0.011494252873563218,3467.445556640625,-28.539180755615234,7.261575222015381
88,4,389297,-274.67151009006983,loss,0.011363636363636364,3467.445556640625,-28.539180755615234,7.261575222015381
89,4,395297,-119.08960033705297,loss,0.011235955056179775,3536.3125,-13.679764747619629,9.496296882629395
90,4,401297,-166.25817589377706,loss,0.011111111111111112,3536.3125,-13.679764747619629,9.496296882629395
91,4,407297,28.072301492635848,loss,0.01098901098901099,3484.0966796875,-21.114147186279297,22.338029861450195
92,4,413297,-292.1360344189333,loss,0.010869565217391304,3484.0966796875,-21.114147186279297,22.338029861450195
93,4,419297,-51.91317141810494,loss,0.010752688172043012,3513.73974609375,-33.768585205078125,-8.460976600646973
94,4,425297,-585.0373080619501,loss,0.010638297872340425,3513.73974609375,-33.768585205078125,-8.460976600646973
95,4,431297,-217.38381923314682,timeout,0.010526315789473684,3637.02783203125,-6.523036003112793,23.63359832763672
96,4,437297,-99.09592285930844,loss,0.010416666666666666,3637.02783203125,-6.523036003112793,23.63359832763672
97,4,443297,-326.60746388288055,loss,0.010309278350515464,3571.86083984375,-8.352667808532715,-11.117749214172363
98,4,449297,-305.37245477219074,loss,0.01020408163265306,3571.86083984375,-8.352667808532715,-11.117749214172363
99,4,455297,-222.889628347624,loss,0.010101010101010102,3473.262939453125,-8.089273452758789,-0.43888697028160095
100,4,461297,-209.76207882640878,loss,0.01,3473.262939453125,-8.089273452758789,-0.43888697028160095
101,5,467297,-329.0827451815022,loss,0.01,3477.5439453125,-27.608057022094727,14.459795951843262
102,5,473297,-374.2006969905992,loss,0.01,3477.5439453125,-27.608057022094727,14.459795951843262
103,5,479297,-149.302347116146,loss,0.01,3801.81005859375,-17.72478485107422,-7.183959007263184
104,5,485297,-191.799443309902,loss,0.01,3801.81005859375,-17.72478485107422,-7.183959007263184
105,5,491297,-246.46957546290733,loss,0.01,3534.41650390625,-11.276016235351562,4.799981117248535
106,5,497297,-108.37096345840065,loss,0.01,3534.41650390625,-11.276016235351562,4.799981117248535
107,5,503297,185.52209133700407,timeout,0.01,3355.29345703125,-15.035825729370117,11.107586860656738
108,5,509297,-97.57766495907646,loss,0.01,3355.29345703125,-15.035825729370117,11.107586860656738
109,5,515297,-82.9722280525831,loss,0.01,3517.947265625,-19.203594207763672,21.550045013427734
110,5,521297,-216.0025871473755,loss,0.01,3517.947265625,-19.203594207763672,21.550045013427734
111,5,527297,-124.99619056415234,loss,0.01,3609.867919921875,-8.102447509765625,4.198988437652588
112,5,533297,-206.8577877503997,loss,0.01,3609.867919921875,-8.102447509765625,4.198988437652588
113,5,539297,-201.66702961777918,loss,0.01,3487.14697265625,-10.258516311645508,4.796474456787109
114,5,545297,-277.7953616540555,loss,0.01,3487.14697265625,-10.258516311645508,4.796474456787109
115,5,551297,-139.69392483083004,loss,0.01,3519.89697265625,-25.769983291625977,28.969383239746094
116,5,557297,-74.69297129894812,timeout,0.01,3519.89697265625,-25.769983291625977,28.969383239746094
117,5,563297,-540.4813201977231,loss,0.01,3455.246826171875,-6.812159061431885,-0.9041798114776611
118,5,569297,-432.2971041225843,loss,0.01,3455.246826171875,-6.812159061431885,-0.9041798114776611
119,5,575297,140.6242113780151,timeout,0.01,3571.22900390625,-3.1862854957580566,21.753034591674805
120,5,581297,-26.118394655843883,loss,0.01,3571.22900390625,-3.1862854957580566,21.753034591674805
121,6,587297,-331.2988452862937,loss,0.01,3550.4306640625,-23.223194122314453,24.18218231201172
122,6,593297,-354.5696758327548,loss,0.01,3550.4306640625,-23.223194122314453,24.18218231201172
123,6,599297,157.4824950226268,timeout,0.01,3624.0625,7.032025337219238,12.882911682128906
124,6,605297,-550.2595864765052,loss,0.01,3624.0625,7.032025337219238,12.882911682128906
125,6,611297,-291.31443400653325,loss,0.01,3322.02685546875,1.9883493185043335,-12.527312278747559
126,6,617297,-479.04331214942084,loss,0.01,3322.02685546875,1.9883493185043335,-12.527312278747559
127,6,623297,-303.60196781557937,loss,0.01,3691.084716796875,-25.875167846679688,20.224897384643555
128,6,629297,-410.92625169929306,loss,0.01,3691.084716796875,-25.875167846679688,20.224897384643555
129,6,635297,13.801481892752527,timeout,0.01,3620.23291015625,-15.645907402038574,9.723296165466309
130,6,641297,-307.52795376784394,loss,0.01,3620.23291015625,-15.645907402038574,9.723296165466309
131,6,647297,127.96322451566371,loss,0.01,3500.574462890625,-3.5651087760925293,1.3383084535598755
132,6,653297,-418.4057121397044,loss,0.01,3500.574462890625,-3.5651087760925293,1.3383084535598755
133,6,659297,-523.5673587371826,loss,0.01,3548.91015625,7.103292942047119,10.246695518493652
134,6,665297,-140.6123545461202,loss,0.01,3548.91015625,7.103292942047119,10.246695518493652
135,6,671297,-100.06126711989873,loss,0.01,3401.6123046875,-14.057320594787598,20.706357955932617
136,6,677297,21.699115947793274,win,0.02,3401.6123046875,-14.057320594787598,20.706357955932617
137,6,683297,220.01097280057306,timeout,0.02,3564.298095703125,-4.139937877655029,1.3296467065811157
138,6,689297,-358.7496280654565,loss,0.02,3564.298095703125,-4.139937877655029,1.3296467065811157
139,6,695297,-409.8312803345492,loss,0.02,3587.57958984375,-24.672176361083984,-3.765894889831543
140,6,701297,-7.271777207243748,loss,0.02,3587.57958984375,-24.672176361083984,-3.765894889831543
141,7,707297,-219.58771853918944,win,0.03,3497.4482421875,-7.277717590332031,11.095393180847168
142,7,713297,166.06773580462078,timeout,0.03,3497.4482421875,-7.277717590332031,11.095393180847168
143,7,719297,14.646317073480033,loss,0.03,3436.7890625,6.434948444366455,-0.30887216329574585
144,7,725297,-14.380349284596555,loss,0.03,3436.7890625,6.434948444366455,-0.30887216329574585
145,7,731297,-225.65214200843906,loss,0.03,3586.79052734375,-8.230596542358398,14.75128173828125
146,7,737297,-227.9661324359822,win,0.04,3586.79052734375,-8.230596542358398,14.75128173828125
147,7,743297,-218.13818880760766,loss,0.04,3449.2880859375,3.757817506790161,2.0618605613708496
148,7,749297,-339.7680569700285,loss,0.04,3449.2880859375,3.757817506790161,2.0618605613708496
149,7,755297,-557.8469719251726,win,0.05,3199.705078125,-13.583799362182617,15.293180465698242
150,7,761297,-422.1703937102936,loss,0.05,3199.705078125,-13.583799362182617,15.293180465698242
151,7,767297,-592.3842575019981,loss,0.05,3231.9248046875,4.2569580078125,44.086063385009766
152,7,773297,-173.09328414900023,loss,0.05,3231.9248046875,4.2569580078125,44.086063385009766
153,7,779297,-85.76170104806103,loss,0.05,3250.491943359375,-12.128433227539062,16.68848991394043
154,7,785297,-254.8125465653236,loss,0.05,3250.491943359375,-12.128433227539062,16.68848991394043
155,7,791297,-91.1308603550263,loss,0.05,3471.3564453125,-4.222316265106201,1.9832100868225098
156,7,797297,-435.583108259415,loss,0.05,3471.3564453125,-4.222316265106201,1.9832100868225098
157,7,803297,-411.17586461827045,loss,0.05,3482.287353515625,-0.4982036352157593,16.17494010925293
158,7,809297,18.307363347744705,timeout,0.05,3482.287353515625,-0.4982036352157593,16.17494010925293
159,7,815297,-173.97069494244627,loss,0.05,3496.83935546875,-15.964493751525879,-31.08448028564453
160,7,821297,-125.60355537538258,loss,0.05,3496.83935546875,-15.964493751525879,-31.08448028564453
161,8,827297,-150.96005514850242,loss,0.05,3444.3046875,-0.8333362936973572,17.531591415405273
162,8,833297,-235.40811240611853,loss,0.05,3444.3046875,-0.8333362936973572,17.531591415405273
163,8,839297,-370.74231056533074,loss,0.05,3634.33837890625,-19.518136978149414,20.88784408569336
164,8,845297,-169.5471322192853,loss,0.05,3634.33837890625,-19.518136978149414,20.88784408569336
165,8,851297,7.435774727803837,win,0.06,3649.1650390625,-19.574167251586914,-11.055646896362305
166,8,857297,17.565874408424456,win,0.07,3649.1650390625,-19.574167251586914,-11.055646896362305
167,8,863297,80.31136398125192,loss,0.07,3513.730224609375,-42.18589401245117,-5.663642406463623
168,8,869297,144.5904650157039,loss,0.07,3513.730224609375,-42.18589401245117,-5.663642406463623
169,8,875297,-121.32780754659274,loss,0.07,3496.553955078125,-0.3925507068634033,1.5529731512069702
170,8,881297,-297.55192104361333,loss,0.07,3496.553955078125,-0.3925507068634033,1.5529731512069702
171,8,887297,-74.53679267364944,loss,0.07,3615.0078125,-17.95222282409668,9.500359535217285
172,8,893297,-267.55793230088915,loss,0.07,3615.0078125,-17.95222282409668,9.500359535217285
173,8,897131,-1409.9233270107084,crash,0.06,3416.93505859375,-34.420413970947266,6.269030570983887
174,8,903131,-60.18136496655364,loss,0.06,3416.93505859375,-34.420413970947266,6.269030570983887
175,8,909131,148.80890094489902,timeout,0.06,3587.80810546875,17.659263610839844,-18.43961524963379
176,8,915131,-61.95137430308552,loss,0.06,3587.80810546875,17.659263610839844,-18.43961524963379
177,8,921131,-198.07108467184082,loss,0.06,3540.266845703125,1.3252702951431274,-14.747804641723633
178,8,926570,-1269.7616111794698,crash,0.06,3540.266845703125,1.3252702951431274,-14.747804641723633
179,8,932570,-313.81364164091787,loss,0.06,3333.927490234375,-14.659674644470215,19.44598960876465
180,8,938570,107.61434784632175,loss,0.06,3333.927490234375,-14.659674644470215,19.44598960876465
181,9,944570,-332.90313077331234,loss,0.06,3637.79248046875,-7.665525436401367,-6.725416660308838
182,9,950570,80.86872565008566,loss,0.06,3637.79248046875,-7.665525436401367,-6.725416660308838
183,9,956570,-179.59986559217828,loss,0.06,3339.359619140625,-18.872766494750977,19.76711654663086
184,9,962570,-284.35524917738485,loss,0.06,3339.359619140625,-18.872766494750977,19.76711654663086
185,9,968570,211.8794255154526,timeout,0.06,3515.36279296875,-12.376954078674316,17.2194881439209
186,9,974570,203.4484550649872,timeout,0.06,3515.36279296875,-12.376954078674316,17.2194881439209
187,9,980570,191.96245807161097,timeout,0.06,3370.3486328125,-14.871665954589844,16.34920310974121
188,9,986570,187.81998973687956,timeout,0.06,3370.3486328125,-14.871665954589844,16.34920310974121
189,9,992570,85.13511501701458,loss,0.06,3288.264404296875,-19.172513961791992,26.933347702026367
190,9,998570,192.9326420404824,timeout,0.06,3288.264404296875,-19.172513961791992,26.933347702026367
191,9,1004570,-82.198846263078,win,0.07,3300.65625,-12.303339958190918,10.309402465820312
192,9,1010570,196.72087495611677,timeout,0.07,3300.65625,-12.303339958190918,10.309402465820312
193,9,1016570,194.65764824149608,timeout,0.07,3530.23974609375,-23.35995101928711,21.344133377075195
194,9,1022570,37.72433735994765,loss,0.07,3530.23974609375,-23.35995101928711,21.344133377075195
195,9,1028570,-260.7359095961403,loss,0.07,3526.15673828125,-6.472287654876709,-5.5095601081848145
196,9,1034570,-0.18284932957979796,loss,0.07,3526.15673828125,-6.472287654876709,-5.5095601081848145
197,9,1040570,-70.89176518518565,loss,0.07,3481.740966796875,3.4881997108459473,17.242395401000977
198,9,1046570,-62.518754751968785,loss,0.07,3481.740966796875,3.4881997108459473,17.242395401000977
199,9,1052570,-323.3348968799406,loss,0.07,3659.077880859375,-28.86847686767578,10.296765327453613
200,9,1058570,-217.6882566022447,win,0.08,3659.077880859375,-28.86847686767578,10.296765327453613
201,10,1064570,-82.7120389658834,loss,0.08,3472.268310546875,-4.498597145080566,0.6698799133300781
202,10,1070570,192.47056969605057,timeout,0.08,3472.268310546875,-4.498597145080566,0.6698799133300781
203,10,1076570,-443.3487781991851,loss,0.08,3483.518310546875,-16.570253372192383,7.380346298217773
204,10,1082570,-215.76077449009193,loss,0.08,3483.518310546875,-16.570253372192383,7.380346298217773
205,10,1088570,-253.77124286443583,loss,0.08,3595.22607421875,-14.724763870239258,1.3997951745986938
206,10,1090514,-1350.2966306788878,crash,0.08,3595.22607421875,-14.724763870239258,1.3997951745986938
207,10,1096514,-253.3505412598062,loss,0.08,3590.9833984375,-26.208406448364258,-9.183722496032715
208,10,1102514,-415.41865404373544,loss,0.08,3590.9833984375,-26.208406448364258,-9.183722496032715
209,10,1108514,73.24028961481872,timeout,0.08,3555.96337890625,-23.683399200439453,11.12944507598877
210,10,1114514,-117.09631524992002,loss,0.08,3555.96337890625,-23.683399200439453,11.12944507598877
211,10,1120514,172.10749069558761,timeout,0.08,3605.8466796875,-26.871444702148438,10.610420227050781
212,10,1126514,235.01292354929015,timeout,0.08,3605.8466796875,-26.871444702148438,10.610420227050781
213,10,1132514,187.31326671791652,timeout,0.08,3604.71337890625,-27.033220291137695,-9.123735427856445
214,10,1138514,179.48642160703162,timeout,0.08,3604.71337890625,-27.033220291137695,-9.123735427856445
215,10,1144514,-501.5181662858795,loss,0.08,3787.13232421875,-22.609954833984375,-2.552161455154419
216,10,1150514,-307.94847455269837,loss,0.08,3787.13232421875,-22.609954833984375,-2.552161455154419
217,10,1156514,-335.0522266803312,loss,0.08,3819.96826171875,-30.134492874145508,0.5988351106643677
218,10,1162514,63.59695299543452,loss,0.08,3819.96826171875,-30.134492874145508,0.5988351106643677
219,10,1168514,151.98003074171962,loss,0.08,3476.90478515625,2.0116896629333496,-4.922932147979736
220,10,1174514,-278.44286847762123,loss,0.08,3476.90478515625,2.0116896629333496,-4.922932147979736
221,11,1180514,-55.23576516121099,loss,0.08,3412.4541015625,-13.635120391845703,12.016342163085938
222,11,1186514,165.32717570435642,timeout,0.08,3412.4541015625,-13.635120391845703,12.016342163085938
223,11,1192514,187.8573506500794,timeout,0.08,3622.97314453125,-1.4905661344528198,-2.4235129356384277
224,11,1198514,178.24006342401935,timeout,0.08,3622.97314453125,-1.4905661344528198,-2.4235129356384277
225,11,1204514,111.68464796283891,loss,0.08,3571.14990234375,-13.703631401062012,6.580062389373779
226,11,1210514,-128.0602362278623,loss,0.08,3571.14990234375,-13.703631401062012,6.580062389373779
227,11,1216514,153.36593778219796,loss,0.08,3655.478515625,-3.381953477859497,7.391464710235596
228,11,1222514,157.80122794650248,loss,0.08,3655.478515625,-3.381953477859497,7.391464710235596
229,11,1228514,160.54559526345295,timeout,0.08,3212.79833984375,-15.288386344909668,-0.00670216977596283
230,11,1234345,-1657.0090542391972,crash,0.08,3212.79833984375,-15.288386344909668,-0.00670216977596283
231,11,1240345,180.49956050286974,timeout,0.08,3438.097900390625,-7.878036022186279,14.005696296691895
232,11,1246345,175.2597541217702,timeout,0.08,3438.097900390625,-7.878036022186279,14.005696296691895
233,11,1252345,-139.32261920899714,loss,0.08,3491.765625,-35.413414001464844,-10.363565444946289
234,11,1258345,194.3338689827868,timeout,0.08,3491.765625,-35.413414001464844,-10.363565444946289
235,11,1264345,182.3438659309838,timeout,0.08,3798.2109375,-35.72615432739258,9.585504531860352
236,11,1270345,162.2934419196969,timeout,0.07,3798.2109375,-35.72615432739258,9.585504531860352
237,11,1276345,165.2479463746773,timeout,0.07,3646.30859375,-29.77667999267578,-12.684401512145996
238,11,1282345,-0.531247741741582,loss,0.07,3646.30859375,-29.77667999267578,-12.684401512145996
239,11,1288345,75.12081059501914,loss,0.07,3441.569091796875,-27.475404739379883,14.562150001525879
240,11,1294345,157.99003740926216,timeout,0.07,3441.569091796875,-27.475404739379883,14.562150001525879
241,12,1300345,171.79293526537384,timeout,0.06,3438.58251953125,-15.564210891723633,14.634353637695312
242,12,1306345,73.00694457717691,loss,0.06,3438.58251953125,-15.564210891723633,14.634353637695312
243,12,1312345,105.47194569481766,timeout,0.06,3644.5927734375,-42.91324996948242,-12.082393646240234
244,12,1318345,-87.34658485212644,loss,0.06,3644.5927734375,-42.91324996948242,-12.082393646240234
245,12,1324345,-39.52207741349288,loss,0.06,3476.6552734375,-8.307920455932617,-19.383785247802734
246,12,1330345,-40.994239160389384,timeout,0.05,3476.6552734375,-8.307920455932617,-19.383785247802734
247,12,1336345,182.27214728408782,timeout,0.05,3922.796875,-43.28742980957031,-19.375417709350586
248,12,1342345,174.20176866395875,timeout,0.05,3922.796875,-43.28742980957031,-19.375417709350586
249,12,1348345,-56.3548774015696,loss,0.04,3548.859619140625,-7.291519641876221,0.031145140528678894
250,12,1354345,25.399805084346784,loss,0.04,3548.859619140625,-7.291519641876221,0.031145140528678894
251,12,1357893,-1057.3408081444472,crash,0.04,3612.867919921875,3.6808884143829346,-8.627663612365723
252,12,1363893,161.98004222426923,timeout,0.04,3612.867919921875,3.6808884143829346,-8.627663612365723
253,12,1369893,227.3362215805207,timeout,0.04,3628.79833984375,-35.994144439697266,-18.630338668823242
254,12,1375893,178.33135460530272,timeout,0.04,3628.79833984375,-35.994144439697266,-18.630338668823242
255,12,1381893,207.28558147871988,timeout,0.04,3476.08203125,-16.878780364990234,14.566587448120117
256,12,1387893,59.254053637899055,loss,0.04,3476.08203125,-16.878780364990234,14.566587448120117
257,12,1393893,152.6607713718845,loss,0.04,3446.18408203125,-15.599710464477539,-1.8225724697113037
258,12,1399893,239.80743180030194,timeout,0.04,3446.18408203125,-15.599710464477539,-1.8225724697113037
259,12,1405893,65.94034975969011,timeout,0.04,3452.6015625,-27.44574737548828,4.238735198974609
260,12,1411893,-107.50997726746536,loss,0.04,3452.6015625,-27.44574737548828,4.238735198974609
261,13,1417893,199.68420589028906,win,0.05,3298.348388671875,-31.536888122558594,30.56415557861328
262,13,1423893,-296.36673920338603,loss,0.05,3298.348388671875,-31.536888122558594,30.56415557861328
263,13,1429893,-72.78961661964854,loss,0.05,3636.109375,-16.634153366088867,-5.546708106994629
264,13,1435893,243.027037326214,timeout,0.05,3636.109375,-16.634153366088867,-5.546708106994629
265,13,1441893,-542.2216072267547,loss,0.04,3415.877685546875,-14.174016952514648,6.441843509674072
266,13,1447893,-160.498804336028,loss,0.03,3415.877685546875,-14.174016952514648,6.441843509674072
267,13,1453893,164.0734853499342,loss,0.03,3379.94140625,-5.184576511383057,9.030657768249512
268,13,1459893,222.52276164048502,timeout,0.03,3379.94140625,-5.184576511383057,9.030657768249512
269,13,1465893,-94.27874575369071,loss,0.03,3648.20654296875,-28.017383575439453,-17.26755714416504
270,13,1471893,231.0077846528645,timeout,0.03,3648.20654296875,-28.017383575439453,-17.26755714416504
271,13,1477893,161.75030780856827,loss,0.03,3680.87060546875,-50.72819519042969,-31.637266159057617
272,13,1483893,214.97570857514054,timeout,0.03,3680.87060546875,-50.72819519042969,-31.637266159057617
273,13,1489893,222.4149893848522,timeout,0.03,3539.947265625,-25.881397247314453,-0.49032267928123474
274,13,1495893,-245.5247160021465,loss,0.03,3539.947265625,-25.881397247314453,-0.49032267928123474
275,13,1501893,181.59930139775034,loss,0.03,3571.989990234375,-26.044504165649414,-1.7674585580825806
276,13,1507893,243.8962413045922,timeout,0.03,3571.989990234375,-26.044504165649414,-1.7674585580825806
277,13,1513893,239.33482583210943,timeout,0.03,3323.53759765625,-1.2007722854614258,15.662470817565918
278,13,1519893,59.654387743045554,loss,0.03,3323.53759765625,-1.2007722854614258,15.662470817565918
279,13,1525893,135.36755860361646,loss,0.03,3442.01953125,-11.951364517211914,-13.771587371826172
280,13,1531893,194.60904433564622,timeout,0.03,3442.01953125,-11.951364517211914,-13.771587371826172
281,14,1537893,75.719993296157,timeout,0.03,3283.969482421875,-31.206750869750977,2.066459894180298
282,14,1543893,188.20721981994714,timeout,0.03,3283.969482421875,-31.206750869750977,2.066459894180298
283,14,1549893,-318.56498269880433,loss,0.03,3525.40283203125,-32.23763656616211,1.6722743511199951
284,14,1555893,135.9564488396864,timeout,0.03,3525.40283203125,-32.23763656616211,1.6722743511199951
285,14,1561893,-497.8654381554779,loss,0.03,3655.775634765625,-33.67977523803711,3.1466047763824463
286,14,1567893,200.84934663403516,timeout,0.03,3655.775634765625,-33.67977523803711,3.1466047763824463
287,14,1573893,203.90012623730846,timeout,0.03,3660.9287109375,-21.84469223022461,-0.3517746031284332
288,14,1579893,214.44543960347647,timeout,0.03,3660.9287109375,-21.84469223022461,-0.3517746031284332
289,14,1585893,119.48750560817766,loss,0.03,3622.735595703125,-12.488960266113281,8.591268539428711
290,14,1591893,0.9805732325127903,loss,0.03,3622.735595703125,-12.488960266113281,8.591268539428711
291,14,1597893,90.14396452533894,timeout,0.02,3403.819091796875,-23.158065795898438,11.881010055541992
292,14,1603893,-25.26673763479031,timeout,0.02,3403.819091796875,-23.158065795898438,11.881010055541992
293,14,1609893,119.72489826132572,loss,0.02,3524.20947265625,-14.899395942687988,-13.486659049987793
294,14,1615893,125.17721959922812,timeout,0.02,3524.20947265625,-14.899395942687988,-13.486659049987793
295,14,1621893,188.6853405013514,timeout,0.02,3651.18896484375,-24.755931854248047,-3.1223325729370117
296,14,1627893,27.61410094086318,loss,0.02,3651.18896484375,-24.755931854248047,-3.1223325729370117
297,14,1633893,230.2310336122739,timeout,0.02,3469.589111328125,-26.601764678955078,12.860998153686523
298,14,1639893,-346.9032476450193,loss,0.02,3469.589111328125,-26.601764678955078,12.860998153686523
299,14,1645893,210.1641756459588,timeout,0.02,3415.142333984375,-30.630794525146484,5.51337194442749
300,14,1651893,210.02128935817038,timeout,0.01,3415.142333984375,-30.630794525146484,5.51337194442749
301,15,1657893,-35.624544601458396,loss,0.01,3676.30029296875,-26.869962692260742,-24.169897079467773
302,15,1663893,224.19646871294464,timeout,0.01,3676.30029296875,-26.869962692260742,-24.169897079467773
303,15,1669893,201.05202987886545,timeout,0.01,3703.10546875,-23.550594329833984,2.1606321334838867
304,15,1675893,184.3553570250364,timeout,0.01,3703.10546875,-23.550594329833984,2.1606321334838867
305,15,1681893,217.5924103978344,timeout,0.01,3356.10546875,-51.693389892578125,8.317209243774414
306,15,1687893,212.0011259494398,timeout,0.01,3356.10546875,-51.693389892578125,8.317209243774414
307,15,1693893,192.60069510977726,timeout,0.01,3486.9404296875,-31.45980453491211,-11.924508094787598
308,15,1699893,202.00108258583708,timeout,0.01,3486.9404296875,-31.45980453491211,-11.924508094787598
309,15,1705893,-597.3955334289494,loss,0.01,3359.716796875,-23.92766761779785,10.670516014099121
310,15,1711893,171.756040772486,timeout,0.01,3359.716796875,-23.92766761779785,10.670516014099121
311,15,1715243,-1140.3296537901067,crash,0.01,3311.5224609375,0.6853185296058655,-6.325373649597168
312,15,1721243,245.2026950975295,timeout,0.01,3311.5224609375,0.6853185296058655,-6.325373649597168
313,15,1727243,205.46435282687438,timeout,0.01,3529.78857421875,-13.626641273498535,-1.4342373609542847
314,15,1733243,221.12128242553501,timeout,0.01,3529.78857421875,-13.626641273498535,-1.4342373609542847
315,15,1739243,190.33710904719896,timeout,0.01,3326.71337890625,-11.049261093139648,5.247107028961182
316,15,1745243,195.6912809168248,timeout,0.01,3326.71337890625,-11.049261093139648,5.247107028961182
317,15,1751243,248.70021705030055,timeout,0.01,3652.451171875,-27.994829177856445,-22.294090270996094
318,15,1757243,242.07906915134103,timeout,0.01,3652.451171875,-27.994829177856445,-22.294090270996094
319,15,1763243,235.640912693272,timeout,0.01,3548.22119140625,-24.643299102783203,-10.27884578704834
320,15,1769243,222.4796605857232,timeout,0.01,3548.22119140625,-24.643299102783203,-10.27884578704834
321,16,1775243,219.67029140054814,timeout,0.01,3348.0810546875,-22.418174743652344,18.108661651611328
322,16,1781243,168.75606371367172,timeout,0.01,3348.0810546875,-22.418174743652344,18.108661651611328
323,16,1787243,187.7443820907552,timeout,0.01,3332.1748046875,-5.806185245513916,16.388286590576172
324,16,1793243,179.84602234279302,timeout,0.01,3332.1748046875,-5.806185245513916,16.388286590576172
325,16,1799243,-554.0431046839678,loss,0.01,3441.336669921875,9.646573066711426,-27.04840087890625
326,16,1805243,118.29747220886436,loss,0.01,3441.336669921875,9.646573066711426,-27.04840087890625
327,16,1811243,227.99959070043047,timeout,0.01,3530.6083984375,-35.99884033203125,-4.578932285308838
328,16,1817243,203.3939069232293,timeout,0.01,3530.6083984375,-35.99884033203125,-4.578932285308838
329,16,1823243,223.95264377420764,timeout,0.01,3724.46142578125,3.943556070327759,-3.1852574348449707
330,16,1829243,263.2401483210516,timeout,0.01,3724.46142578125,3.943556070327759,-3.1852574348449707
331,16,1835243,208.47214519163433,timeout,0.01,3619.008056640625,-30.464487075805664,19.378263473510742
332,16,1841243,-263.1343593817747,loss,0.01,3619.008056640625,-30.464487075805664,19.378263473510742
333,16,1847243,-17.371069576805944,loss,0.01,3668.1982421875,-30.826826095581055,-9.901030540466309
334,16,1853243,206.37773933628347,timeout,0.01,3668.1982421875,-30.826826095581055,-9.901030540466309
335,16,1859243,93.12371551840558,loss,0.01,3744.70751953125,-16.730754852294922,4.452282428741455
336,16,1863328,-1389.9599839104385,crash,0.01,3744.70751953125,-16.730754852294922,4.452282428741455
337,16,1869328,-386.89682325828784,loss,0.01,3235.11962890625,-25.63981819152832,23.034099578857422
338,16,1875328,-320.38422643925895,loss,0.01,3235.11962890625,-25.63981819152832,23.034099578857422
339,16,1876924,-1172.449439487478,crash,0.01,3387.7587890625,-18.953283309936523,-13.71035385131836
340,16,1881968,-1338.8671436641782,crash,0.01,3387.7587890625,-18.953283309936523,-13.71035385131836
341,17,1887968,-581.116719222028,loss,0.01,3733.725341796875,-27.65611457824707,-3.4636547565460205
342,17,1893968,-517.46081407418,loss,0.01,3733.725341796875,-27.65611457824707,-3.4636547565460205
343,17,1899968,-398.9779705633299,loss,0.01,3895.014892578125,-44.77006530761719,-14.137252807617188
344,17,1905968,110.46293211200951,loss,0.01,3895.014892578125,-44.77006530761719,-14.137252807617188
345,17,1911968,-282.18328706954344,timeout,0.01,3542.98583984375,-2.094240665435791,-1.8777599334716797
346,17,1913557,-1181.9525803828776,crash,0.01,3542.98583984375,-2.094240665435791,-1.8777599334716797
347,17,1919557,168.77642007655393,timeout,0.01,3613.8447265625,-17.26314926147461,-1.7772865295410156
348,17,1921420,-1124.8808389209623,crash,0.01,3613.8447265625,-17.26314926147461,-1.7772865295410156
349,17,1927420,-440.02484589233285,loss,0.01,3581.56591796875,-21.13575553894043,-18.158428192138672
350,17,1933420,-677.724841760746,loss,0.01,3581.56591796875,-21.13575553894043,-18.158428192138672
351,17,1939420,213.91588433373448,timeout,0.01,3520.155517578125,-31.32019805908203,-3.5862019062042236
352,17,1945420,224.3640271117439,timeout,0.01,3520.155517578125,-31.32019805908203,-3.5862019062042236
353,17,1951420,193.06421024636546,timeout,0.01,3429.191650390625,-48.302433013916016,-4.706456184387207
354,17,1957420,105.46498927303382,loss,0.01,3429.191650390625,-48.302433013916016,-4.706456184387207
355,17,1963420,-51.61580806140944,loss,0.01,3558.813232421875,-41.18751525878906,4.576051712036133
356,17,1969420,-187.94983716277184,loss,0.01,3558.813232421875,-41.18751525878906,4.576051712036133
357,17,1975420,235.7896641989574,timeout,0.01,3578.125244140625,-22.7999210357666,-17.874664306640625
358,17,1979475,-1213.8525491445457,crash,0.01,3578.125244140625,-22.7999210357666,-17.874664306640625
359,17,1985475,132.33636151131844,win,0.02,3448.67919921875,-38.85005569458008,-6.867603302001953
360,17,1987277,-1148.4731250664568,crash,0.02,3448.67919921875,-38.85005569458008,-6.867603302001953
361,18,1993277,209.48896554392374,timeout,0.01,3632.216064453125,-38.68647003173828,0.4162707030773163
362,18,1999277,-197.03602830075926,loss,0.01,3632.216064453125,-38.68647003173828,0.4162707030773163
363,18,2000851,-1112.4227972281103,crash,0.01,3482.44384765625,-19.17817497253418,1.169775366783142
364,18,2006851,209.06824836601314,timeout,0.01,3482.44384765625,-19.17817497253418,1.169775366783142
365,18,2012851,-200.26955142588983,win,0.02,3469.724609375,-47.71510314941406,13.361916542053223
366,18,2018851,-555.4790959951727,win,0.03,3469.724609375,-47.71510314941406,13.361916542053223
367,18,2024851,-2756.298880925677,timeout,0.03,3471.55029296875,-7.451756477355957,7.698851108551025
368,18,2030851,-206.21563238253032,loss,0.03,3471.55029296875,-7.451756477355957,7.698851108551025
369,18,2036851,117.56380175459961,loss,0.03,3579.2607421875,-43.698822021484375,-5.788395404815674
370,18,2042851,31.78422425700912,timeout,0.03,3579.2607421875,-43.698822021484375,-5.788395404815674
371,18,2048851,-155.2977623054024,loss,0.03,3529.4443359375,-40.13410949707031,-1.389316439628601
372,18,2054851,-32.42569144687565,loss,0.03,3529.4443359375,-40.13410949707031,-1.389316439628601
373,18,2060851,22.846700527410714,loss,0.03,3388.42333984375,-31.379859924316406,18.845266342163086
374,18,2066851,-374.90299685224056,loss,0.03,3388.42333984375,-31.379859924316406,18.845266342163086
375,18,2072851,-23.74549398589902,loss,0.03,3611.12646484375,-20.515596389770508,-5.714810371398926
376,18,2078851,109.81255210586272,loss,0.03,3611.12646484375,-20.515596389770508,-5.714810371398926
377,18,2084851,-175.01658697528399,loss,0.03,3518.8193359375,-31.39986801147461,8.62199592590332
378,18,2090851,68.0430045126772,loss,0.03,3518.8193359375,-31.39986801147461,8.62199592590332
379,18,2096851,-226.64625665172517,loss,0.03,3373.14599609375,-36.25979995727539,8.976161003112793
380,18,2102851,-326.3812739834824,loss,0.03,3373.14599609375,-36.25979995727539,8.976161003112793
381,19,2108851,-15.631442671303624,loss,0.03,3755.36376953125,-26.81418800354004,-9.252347946166992
382,19,2114851,31.80982815785549,loss,0.03,3755.36376953125,-26.81418800354004,-9.252347946166992
383,19,2120851,-189.21785427147208,timeout,0.03,3484.75146484375,-18.525548934936523,0.14280346035957336
384,19,2126768,-1457.6920193114595,crash,0.03,3484.75146484375,-18.525548934936523,0.14280346035957336
385,19,2131020,-1145.2730406433373,crash,0.03,3517.8662109375,-43.24843215942383,14.75247859954834
386,19,2137020,27.941250952984543,timeout,0.03,3517.8662109375,-43.24843215942383,14.75247859954834
387,19,2143020,208.43532594116706,timeout,0.03,3475.872314453125,-38.6890983581543,-7.626160144805908
388,19,2149020,127.7230936754574,timeout,0.03,3475.872314453125,-38.6890983581543,-7.626160144805908
389,19,2155020,-643.9892192227609,timeout,0.03,3462.35791015625,-53.302757263183594,15.719005584716797
390,19,2161020,166.7550265641529,timeout,0.03,3462.35791015625,-53.302757263183594,15.719005584716797
391,19,2167020,95.49256421225104,timeout,0.03,3523.5966796875,-30.279098510742188,-30.600561141967773
392,19,2173020,-209.39226329404602,timeout,0.03,3523.5966796875,-30.279098510742188,-30.600561141967773
393,19,2179020,-190.8040600351162,timeout,0.03,3645.043212890625,-42.86967468261719,-18.63408088684082
394,19,2185020,-110.40708167073754,loss,0.03,3645.043212890625,-42.86967468261719,-18.63408088684082
395,19,2191020,-69.73674539677246,loss,0.03,3586.75634765625,-29.62689208984375,-15.747056007385254
396,19,2197020,-172.4077283925897,loss,0.03,3586.75634765625,-29.62689208984375,-15.747056007385254
397,19,2203020,79.71865453746867,loss,0.03,3503.00830078125,-41.62686538696289,6.521597385406494
398,19,2209020,259.69633274625966,loss,0.03,3503.00830078125,-41.62686538696289,6.521597385406494
399,19,2215020,78.72484747981534,win,0.04,3709.18115234375,-29.598169326782227,-5.835019588470459
400,19,2221020,-121.41003945852816,loss,0.04,3709.18115234375,-29.598169326782227,-5.835019588470459
401,20,2227020,-172.7006234565723,loss,0.04,3645.37646484375,-28.419214248657227,-11.844245910644531
402,20,2233020,-270.2687330404722,loss,0.04,3645.37646484375,-28.419214248657227,-11.844245910644531
403,20,2239020,-177.32508675619107,loss,0.04,3749.65185546875,-40.362186431884766,-11.509308815002441
404,20,2245020,-602.6320197910167,loss,0.04,3749.65185546875,-40.362186431884766,-11.509308815002441
405,20,2251020,-190.20419340997057,loss,0.04,3374.219482421875,-6.043426513671875,3.9176714420318604
406,20,2252473,-1087.6134826908553,crash,0.04,3374.219482421875,-6.043426513671875,3.9176714420318604
407,20,2258473,119.13929653977954,loss,0.04,3511.713623046875,-6.926586627960205,-21.769718170166016
408,20,2264473,-27.317846797558285,loss,0.04,3511.713623046875,-6.926586627960205,-21.769718170166016
409,20,2270473,-2.3771319077536006,loss,0.04,3561.85986328125,-42.994773864746094,17.605321884155273
410,20,2276473,-14.215975313272025,loss,0.04,3561.85986328125,-42.994773864746094,17.605321884155273
411,20,2282473,207.09207487967265,timeout,0.04,3159.5576171875,2.4377455711364746,14.190479278564453
412,20,2288473,-72.49177770552201,loss,0.04,3159.5576171875,2.4377455711364746,14.190479278564453
413,20,2294473,-1172.7614029999909,win,0.05,3350.53955078125,-34.74159622192383,7.287919521331787
414,20,2300473,-1057.1598732645825,loss,0.05,3350.53955078125,-34.74159622192383,7.287919521331787
415,20,2306473,-321.67210698229474,loss,0.05,3759.9091796875,-47.57461929321289,-21.950000762939453
416,20,2312473,-137.07984618692623,loss,0.05,3759.9091796875,-47.57461929321289,-21.950000762939453
417,20,2318473,125.56171434822267,loss,0.05,3526.67333984375,-27.097448348999023,-13.193029403686523
418,20,2324473,147.2704538503914,timeout,0.05,3526.67333984375,-27.097448348999023,-13.193029403686523
419,20,2326432,-1098.183465678079,crash,0.05,3368.654296875,-29.85230255126953,2.659912586212158
420,20,2328933,-1140.124906964737,crash,0.05,3368.654296875,-29.85230255126953,2.659912586212158
421,21,2331060,-1132.2458060834254,crash,0.05,3577.607421875,-40.19573974609375,7.267653942108154
422,21,2332905,-1077.088634842726,crash,0.05,3577.607421875,-40.19573974609375,7.267653942108154
423,21,2336276,-1121.4820926846282,crash,0.05,3362.28955078125,-36.46677017211914,19.3015079498291
