env_steps,wall_min,q_loss,pi_loss,alpha,alpha_loss,mean_Q,mean_logp
11264,0.31,1430.7882181118619,-10.386599400997161,0.11854186008326621,8.856419329233468,10.110634803771973,9.72897720336914
21249,0.56,2305.2982716693878,-42.62669620656967,0.20300690330031632,6.164952667832375,52.69307327270508,7.046403408050537
31239,0.81,2051.3802812423705,-79.6217042388916,0.31369986827751645,2.8965200179219246,78.78691101074219,6.700162410736084
41237,1.06,1611.65956010437,-94.58573252105712,0.47414529083628587,0.8983208639528603,96.35051727294922,4.277072429656982
51230,1.32,1094.2413600997925,-97.61151112747193,0.5623406716018966,0.05484705483075231,113.13568115234375,4.04343843460083
61221,1.57,757.3258917007446,-101.66346312522889,0.5406370080681899,-0.03242544928938151,125.79882049560547,3.8755204677581787
71204,1.82,646.6546548614502,-98.73915680122376,0.4964682243241888,-0.03544709417456761,88.23052978515625,3.8696651458740234
81204,2.06,589.0895999221801,-102.33029047584533,0.4379789266677664,-0.019038233620114624,108.55679321289062,4.257093906402588
91204,2.31,417.6209518852234,-114.37616764259339,0.43992607339162026,-0.0009031638717278838,108.79510498046875,3.8038010597229004
101202,2.56,364.18004681777956,-125.79749046325684,0.4031529681484967,-0.040657807858427986,145.94737243652344,3.9567742347717285
111202,2.8,344.35792164993285,-133.92551622772217,0.3875177881990643,-0.024632810583803802,158.62403869628906,3.8537919521331787
121202,3.06,320.99559463500975,-141.95647079086305,0.37303513947628636,0.00342559722205624,151.40020751953125,3.5366733074188232
131202,3.32,291.9146434326172,-143.91136054229736,0.3679401747434897,-0.01338956240285188,140.44459533691406,3.9174251556396484
141202,3.57,280.36686751556397,-141.6227299079895,0.3409728770143998,-0.037869093687273564,138.61062622070312,3.9836320877075195
151202,3.82,293.9989861755371,-137.219561252594,0.3032713201155378,-0.08964704099530355,116.31010437011719,4.1850361824035645
161202,4.07,297.69915672683715,-132.14874614715575,0.26562177812576876,-0.06185611446946859,107.289794921875,3.6135988235473633
171202,4.34,292.80152534484864,-128.3502300491333,0.25158419360091566,0.00827089568041265,144.85440063476562,3.9322733879089355
181202,4.62,283.0654099540711,-125.86857903671265,0.25241820533473713,-0.03238366741873324,123.88462829589844,4.12752628326416
191202,4.89,242.58870862960816,-119.44562438964844,0.2367982581182967,-0.03590045080240816,116.77651977539062,4.016224384307861
201202,5.17,237.42090818595887,-113.95627885055542,0.22598004757075657,-0.030489918247330935,109.0594482421875,4.126787185668945
211202,5.44,205.3757348766327,-109.18600300979614,0.2160530446567282,-0.043498367873486134,104.70785522460938,3.8494577407836914
221200,5.71,177.52322751235963,-100.79995781707764,0.1946660747772027,-0.1047313078539446,87.88285064697266,3.7223401069641113
231200,5.98,154.9310997543335,-90.50377941322327,0.17191731305429414,-0.10431976674264297,79.83671569824219,4.22369909286499
241200,6.26,114.90102865409851,-81.98715328979492,0.15154060477519823,-0.11274686887022108,75.6649398803711,4.009103298187256
251200,6.54,119.64733821868896,-72.80680118560791,0.13302204650711968,-0.10023234376963228,63.2874870300293,4.040899753570557
261200,6.82,108.0290726776123,-63.885495168685914,0.12152708380579573,-0.044761368511244654,66.68014526367188,3.7085952758789062
271200,7.09,113.08202471160888,-55.865467032432555,0.1192062924877211,-0.019302053173072636,58.720394134521484,4.163132667541504
281197,7.36,119.01583432674408,-49.54153225326538,0.11941127722403902,0.015498419161420316,46.063724517822266,3.6981241703033447
291197,7.62,131.40837414550782,-43.30562910985947,0.12069194819027465,0.0015448949988931418,36.91071701049805,3.8744378089904785
301197,7.89,120.9604699831009,-37.53190050315857,0.12236264806602612,-0.04059435228537768,27.762529373168945,4.323007583618164
311197,8.16,101.10798629951476,-32.58062302196026,0.11686323886836042,-0.03748288616258651,27.222314834594727,3.645207405090332
321197,8.42,97.01151733970642,-27.71824924135208,0.10944801934809079,-0.07686859584785997,22.75778579711914,4.092077732086182
331197,8.69,88.00113982009887,-21.58493787884712,0.10244418517043138,-0.06424219308886676,19.946147918701172,3.7803428173065186
341197,8.96,68.40909987449646,-16.95326925250888,0.09654507548280324,-0.07543351007532328,16.00917625427246,3.8928165435791016
351197,9.23,78.62581567382813,-12.038513558216392,0.08803350972959169,-0.11863681086711586,6.2173614501953125,4.4920878410339355
361197,9.51,70.23133737373352,-7.6032891463637355,0.0858609468458007,0.04142620748002082,12.85417652130127,3.3880088329315186
371197,9.79,64.19884477901459,-5.384395024366677,0.08567969606653042,-0.08077042666915804,-8.675122261047363,4.31404447555542
381197,10.07,61.4767858915329,-3.9064834856390953,0.08259123758235967,-0.020898666088469325,6.265194892883301,3.4380009174346924
391197,10.35,62.585506825447084,-3.680091921314597,0.07920936323859902,-0.09528174523729831,-5.376520156860352,3.692805290222168
401197,10.62,55.48374843788147,-2.2837478137910368,0.07154999239019215,-0.14383435931615532,4.232056140899658,4.102730751037598
411197,10.88,59.6647228717804,-0.47537700647860764,0.0657945216828522,-0.09898300994932652,-6.531220436096191,4.239109039306641
421197,11.14,51.66669852161407,1.6302351992204784,0.06324928614991986,-0.00899241578951478,-4.268948078155518,4.0858540534973145
431197,11.39,51.35016275262833,3.844439495306462,0.062286583470975175,-0.030802977388724683,-17.318153381347656,4.116635322570801
441197,11.66,53.85115413713455,6.245625642865896,0.06023491836579171,-0.052591364401392636,-7.612201690673828,4.187672138214111
451197,11.94,40.812953738212585,8.117702456533909,0.059076799554197194,-0.014611071476712824,-13.024422645568848,3.6360695362091064
461197,12.2,48.926943979740145,8.81884356906265,0.06020347722196009,0.04687438979558647,-15.639976501464844,4.049139499664307
471197,12.46,47.74751872968674,10.081820702925324,0.06308823332434647,0.07638599081616848,-11.186577796936035,4.358591556549072
481197,12.72,48.60291255569458,10.972116864204407,0.06632711992926568,0.047846751677803695,-5.668819427490234,4.001440525054932
491197,12.98,42.96222779178619,11.939433493316173,0.06403217533210032,-0.07678741394355894,-7.60995626449585,4.221160888671875
501197,13.24,42.230737104415894,12.51323702417314,0.06169710003845718,-0.0631144698318094,-20.833444595336914,4.389903545379639
511197,13.51,37.43463745927811,12.75144606219232,0.05786682482588668,-0.09323120256699621,-21.21009063720703,4.470009803771973
521197,13.78,41.900899930477145,13.10743256032467,0.0545900696658786,-0.14560521010495722,-12.446306228637695,3.9683420658111572
531197,14.05,38.66130849790573,13.577899596512317,0.051277782161495554,-0.0862188801560551,-14.512043952941895,3.713963508605957
541197,14.32,35.50820848703384,14.338752435982228,0.048736399553708766,-0.07789125925302505,-22.836437225341797,4.097714900970459
551197,14.59,33.5105071401596,14.915954615056515,0.047260870102380496,-0.05793908432498574,-19.405582427978516,4.169561386108398
561197,14.85,37.598439133644106,15.901537067830562,0.0456809568509336,0.0022013249173760416,-21.841976165771484,4.031313419342041
571197,15.1,32.139105269432065,16.882136904478074,0.046416395503833,0.04224998459406197,-14.65451717376709,3.816776990890503
581197,15.37,38.94152302026749,17.814384161472322,0.045490359246065794,-0.08656088400632143,-17.037357330322266,4.059204578399658
591197,15.7,31.434186899662016,18.963921102285386,0.043781103688599825,-0.06633462054654955,-22.68082046508789,3.6571006774902344
601197,16.01,30.430644285202025,20.125217580795287,0.04141341110594973,-0.12283851946797222,-17.987213134765625,3.676802158355713
611197,16.31,38.23878442621231,21.389914172172546,0.0392457618287181,-0.12356918196566404,-19.13189697265625,3.733315944671631
621197,16.61,33.42277292919159,22.7890302734375,0.03631354575893132,-0.041690984688699244,-26.855443954467773,3.5601680278778076
631197,16.9,27.93640132665634,24.24034974908829,0.03646532071782619,0.0006371023282408714,-21.196605682373047,3.632821559906006
641197,17.18,32.95934217238426,25.79312269449234,0.034959422498921096,-0.11295906724222005,-26.38827896118164,3.6761181354522705
651197,17.48,37.02182821750641,27.361562103748323,0.03420131875155917,0.0129750607162714,-27.18697738647461,3.9702727794647217
661197,17.77,29.620607188224792,28.65204780626297,0.033528265761443646,-0.09318229244835675,-38.80260467529297,3.933347463607788
671197,18.07,37.12156984424591,29.533217093467712,0.03277941511494939,0.04843763382546604,-32.83687973022461,3.89579701423645
681197,18.38,31.261779757499696,29.710341176986695,0.033709782503187576,-0.04833551316894591,-32.097007751464844,4.405736446380615
691197,18.66,32.663859930038456,29.839721101760865,0.03358619968597155,0.05577064142562449,-26.77098846435547,4.042872905731201
701197,18.95,27.087310708999635,30.094625443458558,0.0334813090018294,-0.13665811396948993,-34.47373580932617,4.298260688781738
711197,19.23,32.9200702252388,30.71822914981842,0.03235263465041413,0.07173276241309941,-39.03402328491211,4.259442329406738
721197,19.51,26.518400475502013,30.780510583877565,0.03217051363444751,-0.05952395066805184,-36.941734313964844,4.177319049835205
731197,19.81,29.759989369153978,30.808288903236388,0.032147108421276875,-0.02736246699094772,-24.159427642822266,3.954423189163208
741197,20.14,32.24255859804153,30.910379428863525,0.0307000178280357,-0.13989125651679932,-32.82334899902344,4.093896865844727
751197,20.51,29.640234811306,31.067347536087038,0.02964242744821103,0.1335144237484783,-28.585376739501953,3.836122512817383
761197,20.81,26.33915770483017,31.042935844421386,0.030720839720410318,-0.1179194240598008,-26.11319351196289,3.828538179397583
771197,21.17,27.71007569169998,31.317713952064516,0.0286218738606096,-0.13526212242618202,-36.185123443603516,4.485162734985352
781197,21.51,29.316452251434328,31.502226669311522,0.02813469702352365,0.07203792073205113,-32.089927673339844,3.839756965637207
791197,21.86,29.88585090184212,31.888162603378294,0.02866930610696573,0.04929452013783157,-29.80796241760254,3.9281699657440186
801197,22.25,30.095217586278917,32.44743282127381,0.02795202706013822,-0.13769425467029214,-32.66944122314453,4.281101703643799
811197,22.64,29.68524312543869,32.872256690979,0.026015844382484707,-0.13798633198067545,-38.69187927246094,3.834585428237915
821197,23.03,25.052066142082214,33.47567803764343,0.02487278785681014,0.034604064581915735,-33.51616668701172,4.086528301239014
831197,23.43,33.01161189389229,33.94582500076294,0.025373782029700146,-0.08933126982767135,-35.96333694458008,3.6457319259643555
841197,23.83,33.72449084186554,34.21128113937378,0.0254294396029122,0.05068512589298189,-34.76915740966797,3.3792357444763184
851197,24.22,26.768798138618468,34.17419672393799,0.024926094332392977,0.07518105204589665,-36.66671371459961,3.95194149017334
861197,24.6,28.12050696325302,34.21043719100952,0.025737751152355007,-0.04867859314009547,-30.854101181030273,4.235735893249512
871197,24.99,31.385676244735716,34.00113464641571,0.025448072187831444,-0.06255329017154873,-37.33781433105469,3.953794240951538
881197,25.39,32.8699097161293,34.20549565982819,0.02444178208901897,0.02134810037724674,-38.06188201904297,4.170226573944092
891197,25.78,27.134445150375367,33.962040748596195,0.025208738141984554,-0.005115858249366284,-40.515010833740234,4.136261463165283
901196,26.17,28.291667022466658,33.967589091300965,0.024447085230255083,-0.1911939691985026,-35.56713104248047,4.171792507171631
911196,26.58,35.51621745800972,34.182404417037965,0.022996399955061815,-0.04480156825482845,-37.786949157714844,3.9678313732147217
921196,26.98,24.16696889948845,34.46272794342041,0.022168504256708195,-0.06577247717604041,-30.85968589782715,3.6985061168670654
931195,27.37,37.93695240545273,34.98889004421234,0.021697628255455233,0.11724399112910032,-37.0744514465332,4.318617820739746
941195,27.77,33.18296721601486,35.299535654067995,0.02214045807839608,-0.2626394247598946,-35.691226959228516,4.117163181304932
951195,28.18,24.478112534046172,35.573235495567324,0.019697977736149487,-0.21727695876918734,-30.796836853027344,3.999281644821167
961195,28.58,30.56417046570778,36.26271129703522,0.019381529818621453,-0.04315486628841609,-43.086612701416016,4.463252067565918
971195,28.98,31.812295120716094,36.888311232566835,0.02025541468237862,0.32190001774858684,-34.16170120239258,3.765268325805664
981195,29.39,31.76324527680874,36.496985247612,0.021365346471132314,-0.04183167761564255,-34.00883483886719,4.155289173126221
991195,29.78,31.101226524591446,36.220787817001344,0.021744815633422305,0.009728924613445997,-38.96450424194336,3.9309728145599365
1001195,30.18,21.721657591342925,35.97509342193604,0.021067727083834597,-0.1664675240330398,-33.96375274658203,3.9884588718414307
1011195,30.57,25.478572290182115,35.156693894386294,0.01983767100767198,-0.09672873509675264,-33.22494888305664,4.22675085067749
1021195,30.96,23.862620577931406,34.27519270515442,0.018756263720652824,-0.11941998902335763,-33.41166687011719,4.952081680297852
1031195,31.34,29.179748326301574,33.59298888111115,0.01905871047550144,0.20766873103007674,-42.57051467895508,4.571697235107422
1041195,31.73,28.66958218705654,33.1270635433197,0.019073226185575855,-0.2961242955960333,-33.67058563232422,3.8894059658050537
1051195,32.12,19.060809471964838,32.65745097351074,0.017589886074817145,0.04092259048111737,-31.212331771850586,3.603536605834961
1061195,32.51,22.704556451201437,32.332856556892395,0.01742637999791203,-0.36538255312107504,-29.348709106445312,3.6955807209014893
1071195,32.91,17.7142990834713,31.979280143737792,0.01650049765192339,0.01695605582743883,-31.761796951293945,4.340796947479248
1081195,33.3,16.838599804878235,31.60183794593811,0.015259327390855195,-0.2604189873095602,-32.938880920410156,3.659630537033081
1091194,33.69,15.302731801629067,31.37466801071167,0.014035773142846335,-0.2951803889796138,-36.13496398925781,4.018221378326416
1101194,34.1,20.61274289417267,31.25286490345001,0.013997904831097242,0.3671474142773077,-30.51088523864746,3.799574613571167
1111194,34.49,10.68460713005066,30.74320363712311,0.01446063192325959,-0.04785786397382617,-28.89739418029785,3.8949227333068848
1121194,34.88,16.126784164190294,30.350252515792846,0.013311185818415857,-0.20149973809719085,-30.919462203979492,3.2200541496276855
1131194,35.27,28.151748841762544,29.83821022605896,0.013015960143968275,0.15767778981104494,-33.814056396484375,4.63608980178833
1141194,35.66,9.502249476194383,28.707824239730837,0.013902487710482749,0.1726448828931898,-28.044687271118164,3.8654167652130127
1151194,36.06,23.318114974975586,27.986076342582702,0.014800882965254013,0.26372001571580767,-25.244239807128906,3.592266321182251
1161194,36.45,14.010558604836463,27.04495417690277,0.015061667137327055,-0.1512778013050556,-24.81939697265625,3.8019487857818604
1171194,36.85,14.412707676410674,26.483803223609925,0.014057722953425356,-0.17780896105989813,-24.265567779541016,4.050865650177002
1181194,37.25,20.98111500144005,26.048145247459413,0.014482819417674684,-0.028446128131821753,-28.1997013092041,3.4652223587036133
1191194,37.66,18.938267010331153,25.448133142471313,0.013982982367299251,0.01066962692514062,-26.21949005126953,3.9317214488983154
1201194,37.96,29.62411442041397,24.861989867210387,0.014810235379635831,0.139001535769552,-25.799617767333984,3.690453052520752
1211194,38.29,14.257508407592773,23.999128029823304,0.014793278085296489,0.0023086903262883427,-24.78341293334961,3.7886290550231934
1221194,38.58,27.37913976228237,23.44057679271698,0.01423112474548367,-0.06577869716100394,-22.46091079711914,3.609957456588745
1231194,38.86,22.986472895503045,22.609542325019838,0.01419507844270597,-0.04274858606234193,-23.537551879882812,3.7896714210510254
1241190,39.15,20.87304679918289,22.110015798568725,0.014471192124683866,-0.02635107324644923,-21.962421417236328,4.3732500076293945
1251190,39.42,30.037533294677733,21.68290209388733,0.01444252237482974,0.023464007575064897,-22.587997436523438,3.7312557697296143
1261190,39.76,17.509819816291333,20.986488262176515,0.014523117362903569,0.2536517311502248,-18.905399322509766,3.4826323986053467
1271190,40.16,18.631513867139816,19.952537590026857,0.015072477703587172,-0.34669726029224696,-18.24010467529297,3.512770652770996
1281190,40.55,35.07681841117144,19.552482797145842,0.01413748204815327,-0.007388227138668299,-18.024972915649414,4.195440769195557
1291190,40.95,18.03315739321709,18.77375947189331,0.014053085286714452,-0.04737093156017363,-19.802997589111328,4.725215911865234
1301190,41.35,29.720472081780432,18.06341470813751,0.014026238991214258,0.4325474722199142,-17.61395263671875,3.7302041053771973
1311190,41.74,25.893309649646284,17.688040458202362,0.014130477938421787,-0.8103824080070481,-15.366718292236328,3.805539608001709
1321190,42.14,16.4136434546113,16.909040229797363,0.013356827102778268,-0.07422859814576804,-17.309772491455078,4.330772876739502
1331190,42.53,28.216315538704396,16.521441841602325,0.013385905321707671,0.34242671814374626,-19.064451217651367,3.567526340484619
1341190,42.93,27.51849403756857,16.11647888612747,0.013238982829793815,-0.059275151401758194,-15.411994934082031,3.5065414905548096
1351190,43.32,31.91138626784086,15.930277416706085,0.012341263463467705,-0.7937498108055443,-16.3408145904541,3.600497007369995
1361188,43.71,15.461085101366043,15.705054682731628,0.011586700928882919,0.5055418139845133,-16.896509170532227,3.807234764099121
1371188,44.11,23.773823685824873,15.923611524105072,0.01198400030482956,-0.5983631885424257,-18.0029354095459,4.060863494873047
1381188,44.5,25.90133727568388,15.858010647296906,0.012061925044453652,0.26581666876375676,-15.629268646240234,3.3880410194396973
1391188,44.89,15.73965079253912,15.665944365978241,0.011887391677308855,-0.0838038820400834,-14.910568237304688,4.512117862701416
1401188,45.28,25.423709322869776,15.3573730969429,0.012222223838670507,0.2777452408261597,-17.243803024291992,3.919386386871338
1411188,45.67,23.40496462649107,15.221128810882568,0.012184585888275614,-0.2402946304921061,-13.416045188903809,3.9391112327575684
1421188,46.06,27.749034452617167,14.988307629585266,0.011826886524771105,0.19446430728212,-14.820879936218262,3.785832405090332
1431188,46.46,13.955036190152168,14.645716361522675,0.012289425866263796,-0.12031849806755782,-17.136686325073242,3.784585952758789
1441188,46.86,33.18848040866852,14.255869329452514,0.012967299409004273,0.6088662451971323,-11.467768669128418,3.944218635559082
1451188,47.25,26.197212960064412,13.904969941139221,0.013224387393839842,0.044637893710285426,-14.97230052947998,3.714158296585083
1461188,47.64,31.884449038982392,13.484789517879486,0.01393776639527225,0.17816164143383503,-14.68704605102539,4.14570426940918
1471188,48.04,21.056960180044175,13.095499596595765,0.013324191172745206,-0.5358507421910763,-11.928509712219238,4.187901973724365
1481188,48.43,18.09818548065424,12.67584851026535,0.012410900578653123,0.2541053046397865,-9.82985782623291,3.662299871444702
1491188,48.83,30.828917563855647,12.257058068990707,0.013524597161156676,0.128828739608638,-10.87578296661377,3.6484148502349854
1501188,49.22,32.62323036718369,11.990673410654068,0.013545385987912778,0.09566807604115456,-13.398978233337402,4.208525657653809
1511188,49.62,15.55383231651783,11.56285551404953,0.013848168721655053,0.14139015537500382,-11.79258918762207,4.320755958557129
1521188,50.01,21.746928522765636,11.218883238554001,0.014604557296909277,-0.20865644587948917,-11.255514144897461,4.1984148025512695
1531188,50.4,23.201140580236913,10.696625728130341,0.013881785410707975,0.11870799557492137,-8.169242858886719,3.967616558074951
1541188,50.8,20.696940901339055,10.116081258058548,0.014677651015114455,0.18262656045146286,-8.021240234375,3.934330940246582
1551188,51.19,14.926887561202049,9.725445270299911,0.014552100555979412,-0.17482215910963714,-10.592360496520996,4.173094749450684
1561188,51.58,27.039606457531452,9.651733878850937,0.013644783948281733,-0.46880302622169256,-8.992016792297363,3.8705523014068604
1571188,51.97,27.683672732293605,9.38331118106842,0.013322281547505522,0.4184100084267557,-10.50402545928955,3.4456193447113037
1581188,52.36,11.023884495854377,8.911005659103393,0.012853659941252569,-0.38241107572615146,-9.806243896484375,3.681627035140991
1591188,52.75,24.38570712840557,8.204184143781662,0.012742857984220628,0.47447767762281,-8.291047096252441,3.770686149597168
1601188,53.14,29.95747026461363,7.433220721006394,0.013924049791132806,-0.25720454117888586,-8.899256706237793,4.401979446411133
1611188,53.53,15.995736996650695,6.845461390256881,0.01237123821469121,-0.0054338500201702115,-6.022378921508789,3.9024763107299805
1621188,53.93,14.09865981066227,5.9314911707639695,0.013536455307683526,0.11744542577955872,-4.334650039672852,3.770814895629883
1631188,54.3,12.712792572259904,4.922081699386239,0.0142869264830754,0.2792553837541491,-3.2776129245758057,3.6873085498809814
1641188,54.58,18.04265091407299,4.126724972479045,0.014765995162882286,0.09962635065242648,-3.826376438140869,3.807107925415039
1651188,54.96,22.043404470324518,3.4965361715108156,0.015288106367444534,0.11011180030927062,-5.284882545471191,4.456098556518555
1661188,55.36,27.01411389029026,2.940657803263515,0.015421291981503635,-0.15896948019694537,-3.282723903656006,5.357045650482178
1671188,55.75,22.61742222124338,2.5819073870368303,0.01499903031144346,0.07216454875096678,-2.184912919998169,3.780242919921875
1681188,56.15,16.820583444714547,2.2855175702683628,0.014176697700138373,-0.2308900539278984,-2.856621026992798,4.448558330535889
1691188,56.54,24.21161642849445,2.128600739579648,0.014324243786421623,-0.14344395636301488,-3.7638189792633057,3.6810834407806396
1701188,56.93,18.778246762394904,1.6180348225217314,0.013899290242205969,-0.021897649293765427,-1.5798732042312622,3.322528839111328
1711188,57.33,22.271826839625835,1.178427882988006,0.013826948740475582,0.19304023403301834,-0.7441418766975403,3.8555147647857666
1721188,57.72,20.68286505228281,0.9780185176469386,0.013264810288594614,-0.5075534233981743,-2.3204526901245117,3.2730298042297363
1731188,58.11,8.986086013495923,0.7005368549264968,0.0119903671155426,-0.1219368595816195,-0.5815517902374268,4.139435291290283
1741188,58.5,24.030560445308684,0.4937001103013754,0.011876575641696327,0.3102370881680399,-1.0215026140213013,3.9538373947143555
1751188,58.9,12.296387996077538,0.19159529796801508,0.011872852137685175,-0.48336870038881896,-0.9319305419921875,4.329198837280273
1761188,59.3,16.764556050360202,-0.11716010461002588,0.011139906139421894,0.0034760876558721067,-2.3690590858459473,3.825775146484375
1771188,59.7,19.83550090622902,-0.3359455244652927,0.011022790737349153,0.0016163277328014375,2.9281818866729736,3.744856595993042
1781188,60.1,18.367008059620858,-0.556207798006013,0.011271556105917017,0.17905987782403826,-0.22900903224945068,4.083524703979492
1791188,60.5,16.299132539272307,-0.5051714670080691,0.011034465571750958,0.01921199414692819,-0.16904231905937195,4.342532157897949
1801188,60.91,8.84375230562687,-0.49216369310207664,0.011472356373651106,-0.25543353128805757,-1.607344627380371,4.320734977722168
1811188,61.32,13.44970199728012,-0.4238315519541502,0.011537660817590506,0.14508629792695865,0.9392751455307007,3.891932487487793
1821188,61.72,17.14481958067417,-0.37657065234519543,0.011240558913752034,-0.08315067438036203,-0.45646339654922485,5.045758247375488
1831188,62.13,15.036999035179615,-0.5148681576102973,0.011679102311122904,0.3379027116112411,1.0328856706619263,3.784381866455078
1841188,62.53,7.369852461278438,-0.8720633115172386,0.01193679595760188,-0.05342330213263631,0.20593881607055664,3.9817981719970703
1851188,62.93,18.251952676594257,-1.1524961345791818,0.01226644877771071,0.06783860318735242,2.0899925231933594,3.886481285095215
1861188,63.25,6.729618450045586,-1.743632007991895,0.01203342468972591,0.004468902565538883,1.31166672706604,3.6858954429626465
1871188,63.53,31.804004249453545,-2.0121619077343493,0.012815774242379497,-0.19289028835296632,4.073749542236328,3.7504520416259766
1881184,63.8,24.025267668187617,-2.4200341990962624,0.012199618020183229,0.043722168223932385,2.72213077545166,3.166546583175659
1891183,64.08,30.556342788219453,-2.4996619853228332,0.011880385805681123,-0.1712813220731914,0.5440364480018616,3.8129162788391113
1901183,64.36,16.78982105743885,-2.1106375339124352,0.010246135953845511,-0.5453761830898002,2.1179556846618652,4.298689365386963
1911183,64.63,28.614957529306412,-1.6713372963257134,0.010771785208812109,0.6764716735221445,2.4633331298828125,3.8952479362487793
1921182,64.91,33.84074494791031,-1.4512795709576458,0.01238938700551529,0.4548479317165911,0.9750485420227051,3.88706636428833
1931180,65.19,20.95587639141083,-1.718124466598034,0.012327316436298148,-0.00022386254370212555,1.761927843093872,4.0928568840026855
1941180,65.47,29.473534376978876,-2.050790329169482,0.012710848261254917,0.5137970151305199,0.8873064517974854,3.7097842693328857
1951180,65.75,25.272350990891457,-2.560509146858007,0.013549227312217468,0.03487482940522023,2.165654420852661,4.072866439819336
1961180,66.03,21.469158455252646,-3.042260493464768,0.013737053008875216,-0.10079525340627879,4.355246067047119,3.886296272277832
1971180,66.3,23.809226638317107,-3.40711302562803,0.013703342082634884,0.12861696765199304,3.5330357551574707,3.775729179382324
1981180,66.55,38.76576206707954,-3.5810367050170897,0.014355918842923036,0.48588754363171754,3.9975032806396484,4.827694416046143
1991177,66.81,35.572248366236686,-4.0989482739418746,0.015824503826682126,-0.2687308128336445,4.828005790710449,3.809774398803711
2001176,67.06,45.742858175992964,-4.892404647640884,0.015547348709510831,0.5484573429506272,6.60455322265625,3.9622530937194824
2011176,67.31,31.372559985756872,-5.661764034196734,0.015595492453976983,-0.47923084353283046,6.302990913391113,3.9241089820861816
2021176,67.55,35.7976048977375,-6.13052559286356,0.014519335586686282,0.11169022434949875,7.859373092651367,3.4293947219848633
2031176,67.79,41.26059998071194,-6.170356060266495,0.01526972162568534,0.11660171511769295,10.10555362701416,3.6353702545166016
2041176,68.05,35.45495223045349,-6.323750794678927,0.015269808560260048,-0.10048103998228908,4.512438774108887,4.581191539764404
2051176,68.29,26.061105392813683,-6.938830920152366,0.016076414019143066,0.41497921721078457,8.49509048461914,4.377623558044434
2061176,68.53,43.30982010746002,-7.480964723391458,0.01739876762493712,0.39096536526456477,4.2726640701293945,4.2646484375
2071176,68.78,63.87158572041989,-7.934519437223673,0.019695379974257604,0.2165137522313744,8.294913291931152,3.869764804840088
2081176,69.03,43.196404069662094,-8.414484248548746,0.01895513544683348,-0.38505283051356676,8.567916870117188,3.857344150543213
2091176,69.28,44.15471561002731,-8.62350569653511,0.01735037679200855,-0.28639269818738106,11.42532730102539,3.805006742477417
2101176,69.53,30.92880848944187,-8.272646296694875,0.015564864294989088,0.01569660205207765,9.683698654174805,3.2126882076263428
2111176,69.79,54.024019552111625,-7.614477083012462,0.015037031567241494,0.05140394998900592,7.157422065734863,4.336960315704346
2121176,70.06,40.63277279114723,-7.20897463619709,0.015016950655003145,-0.29483545089140534,6.42113733291626,3.7884533405303955
2131170,70.32,42.30715253412723,-6.429959082521498,0.01446401185454009,-0.029210634281858803,6.3260884284973145,3.521742343902588
2141170,70.58,52.383652437448504,-5.226770122021437,0.013657120286557757,-0.20283448669873178,4.373246669769287,3.6761250495910645
2151170,70.85,41.566957665920256,-4.811315331496298,0.013428352121675835,0.2642408872395754,7.241202354431152,3.9560468196868896
2161170,71.11,44.71488021600246,-4.410427878513932,0.014236004407332886,-0.19766263241879642,3.5000879764556885,4.909302234649658
2171170,71.36,38.46062410366535,-3.894658424735069,0.014362765973799386,0.062426912298426035,4.910616874694824,4.158020496368408
2181170,71.61,41.34606102705002,-3.233240748472512,0.013839766381725453,0.08332080951705576,2.9861795902252197,3.9293768405914307
2191170,71.86,31.065724882721902,-2.3806528043672444,0.014226982540406573,0.058684832748025655,4.39124870300293,3.8695430755615234
2201170,72.11,36.92783197879791,-1.6866791699826718,0.014286379396474607,-0.11808004150725901,2.4191079139709473,4.070773124694824
2211170,72.36,35.88008834314346,-1.129448663888499,0.014407596375333072,0.16025740463659166,2.2726292610168457,3.7767627239227295
2221170,72.61,35.25035168588161,-0.9752476025819778,0.015734530711255842,0.15270454268157482,0.3795565366744995,3.8101131916046143
2231170,72.87,36.43404955780506,-0.5567792577259243,0.016323970606033,0.050179308211430906,4.90904426574707,3.4812798500061035
2241170,73.13,35.49614441049099,-0.5482057950496674,0.016331743374867983,0.08975899392180145,-2.3905720710754395,4.077971935272217
2251170,73.38,38.61134779155255,-0.3851277916170657,0.01773726123538335,0.2537970378790051,-0.856865644454956,3.7582125663757324
2261168,73.63,32.02922962498665,-0.5574874080121517,0.017536299405629403,-0.02833484167419374,0.16740483045578003,3.409735918045044
2271168,73.88,35.05826034462452,-0.65726511323452,0.017748429347655425,0.17394542687013745,-0.5713431239128113,3.9281721115112305
2281168,74.13,29.396227856755257,-1.3223633528836072,0.019575924378792776,0.04059500136971474,1.579473853111267,3.784925937652588
2291168,74.38,33.24222736954689,-2.15156522744149,0.020070266502312067,0.21016994734760375,7.427595138549805,3.8220090866088867
2301168,74.63,39.78136765491963,-2.597124814301729,0.020117903212684547,0.08934733860567212,3.6725099086761475,4.274527549743652
2311168,74.88,40.98145655453205,-2.9866826319471,0.022888329047416767,0.2282775616105646,2.427567481994629,4.1515631675720215
2321168,75.13,34.54961233508587,-3.1257557392343878,0.020840240548573107,-0.5376916847266257,-3.0709099769592285,4.093530654907227
2331160,75.38,29.585164711594583,-3.0940979746505617,0.018225582010583084,-0.13958141397312285,0.681751012802124,3.685853958129883
