epoch,env_steps,updates,actor_frozen_updates,q_loss,pi_loss,alpha,entropy,sim_steps_per_s,win,loss,timeout,crash,other,opp_level,level_wins,level_eps,top_wins,top_eps
21,2412140,16392,16392,4.591065973464219,,0.01822558231651783,,752.5,0,1,10,0,9,0,0,12,0,8
22,2470863,11751,3608,5.014269111445788,8.575661114388538,0.025379570201039314,-4.115881870964975,520.9,0,2,4,2,12,0,0,14,0,6
23,2525739,10983,0,15.435852493330678,-5.68553174153704,0.042412448674440384,-4.054531479993284,448.9,0,3,0,3,14,0,0,14,0,6
24,2583536,11567,0,20.931674113869924,-16.60555423333567,0.04090297222137451,-3.9974034742155986,417.8,0,2,2,2,14,0,0,18,0,2
25,2626071,8513,0,22.85445112984903,-22.40558049419183,0.036983031779527664,-3.989364778562815,428.1,0,8,0,1,11,0,0,14,0,6
26,2675289,9851,0,26.10037082406473,-23.35737510168447,0.0302899107336998,-3.982848865902856,508.6,0,9,2,0,9,0,0,10,0,10
27,2728020,10554,0,26.437584631457028,-21.3929692104456,0.030661677941679955,-4.00047948386648,513.5,0,4,2,1,13,0,0,16,0,4
28,2799645,14334,0,26.146071951043677,-19.57870665716962,0.028501098975539207,-3.9962699758103324,528.3,0,7,0,1,12,0,0,12,0,8
29,2857651,11608,0,25.709927452156908,-17.43508394646858,0.030196411535143852,-4.003740206330008,568.8,0,1,1,3,15,0,0,16,0,4
30,2910838,10646,0,25.082588966909977,-16.659921723874064,0.03619936853647232,-4.0134096743355965,561.7,0,2,2,2,14,0,0,16,0,4
31,2955447,8931,0,26.08375920697858,-17.32495866170483,0.032694436609745026,-3.9906584490935275,558.5,0,2,0,1,17,0,0,18,0,2
32,3010485,11015,0,24.785368830347082,-15.015091438137613,0.03034972958266735,-3.9946479444551404,568.3,1,2,2,0,15,0,1,18,0,2
33,3074112,12731,0,20.54227720184512,-12.82472460189962,0.02883867546916008,-3.9966439912029097,569.8,0,2,5,2,11,0,0,16,0,4
34,3170203,19221,0,19.710607859589828,-13.49417063644256,0.028106538578867912,-3.9987581934878533,573.7,0,4,13,1,2,0,0,14,0,6
35,3260033,17971,0,17.641743707667473,-12.410912199043205,0.026389559730887413,-3.9964454222200416,573.0,0,2,9,5,4,0,0,16,0,4
36,3356220,19241,0,15.946213958144567,-8.723193716676981,0.025905584916472435,-3.999553910077941,569.7,0,1,11,2,6,0,0,16,0,4
37,3448517,18463,0,13.31444710687756,-5.473580202870125,0.021790117025375366,-3.9923096234378876,569.7,0,0,10,3,7,0,0,20,0,0
38,3519646,14230,0,12.554635684237208,-3.513285465407606,0.021640757098793983,-3.99977777166762,579.8,3,1,5,1,10,0,2,18,1,2
39,3583576,12792,0,12.006476332930344,-2.7215390046569214,0.018246294930577278,-3.9899513855474007,569.3,0,6,3,4,7,0,0,14,0,6
40,3666003,16491,0,10.85090554017872,-0.9802266724670167,0.01880217343568802,-4.001688643877028,564.7,1,0,7,2,10,0,0,18,1,2
41,3749184,16643,0,10.141899124544443,-0.36672723234234317,0.017123186960816383,-3.995757763069037,560.1,0,3,6,1,10,0,0,14,0,6
42,3826605,15490,0,9.100751439666194,1.0841178007606656,0.0167947169393301,-3.9991785777315467,572.6,0,1,7,5,7,0,0,18,0,2
43,3900282,14742,0,8.22281292298807,2.2044956432156373,0.016456374898552895,-3.9985014264092906,562.7,1,0,6,0,13,0,0,16,1,4
44,3978315,15612,0,8.01676834139676,2.4732256826154586,0.016447141766548157,-3.999850909632962,565.0,0,4,7,0,9,0,0,16,0,4
45,4040554,12455,0,7.9650831852701955,2.814763872661609,0.017832521349191666,-4.004839690762416,562.1,0,11,5,0,4,0,0,8,0,12
46,4123408,16576,0,7.887720197719669,2.702032603455382,0.014105514623224735,-3.989622092500156,572.2,3,3,7,3,4,0,2,16,1,4
47,4195918,14508,0,7.6154815975976184,5.067899472668443,0.01206306740641594,-3.9924853784767826,559.0,0,8,3,4,5,0,0,12,0,8
48,4294870,19794,0,6.879190751943033,6.843171692658184,0.01279998105019331,-4.001852127775058,573.0,0,3,12,2,3,0,0,16,0,4
49,4384006,17831,0,6.35684664610705,7.921666441786865,0.012563400901854038,-3.99941949318612,571.2,1,5,10,0,4,0,0,14,1,6
50,4452886,13781,0,6.6069245029366,7.962785406682205,0.012397237122058868,-3.999413966561651,563.2,3,8,9,0,0,0,3,12,0,8
51,4546316,18690,0,6.289154639258112,7.049093278682825,0.013650200329720974,-4.004019768037791,572.9,0,4,11,2,3,0,0,16,0,4
52,4624749,15692,0,6.237924173409739,7.110408110670857,0.012985806912183762,-3.997704926373975,565.1,0,9,7,1,3,0,0,10,0,10
53,4705067,16071,0,6.10291230987875,8.246093944862052,0.009992430917918682,-3.987564587858631,573.2,1,1,3,0,15,0,0,18,1,2
54,4812079,21405,0,5.784760200139157,8.601831468581262,0.01014664676040411,-4.000422592036108,573.4,0,4,13,0,3,0,0,16,0,4
55,4894383,16465,0,5.5958227063181045,7.473579234972646,0.01060409564524889,-4.001874768259747,566.3,0,8,6,5,1,0,0,12,0,8
56,4955895,12310,0,5.878562398154401,7.453495335327136,0.011481808498501778,-4.005494215428393,570.3,2,9,4,5,0,0,2,12,0,8
57,5046503,18126,0,5.4675701044259,8.02590623274684,0.010792596265673637,-3.997062208991065,569.9,0,1,8,1,10,0,0,18,0,2
58,5149739,20651,0,5.080135961542013,9.201952161064368,0.010969138704240322,-4.00002123978079,572.0,4,4,12,0,0,0,4,16,0,4
59,5224234,14903,0,5.0544837521425245,9.942738540891048,0.010495943017303944,-3.997558588198685,573.2,3,7,9,0,1,0,2,12,1,8
60,5307535,16664,0,5.521591917109558,10.110045640101184,0.01313063781708479,-4.0110122285035725,565.8,8,4,8,0,0,0,6,12,2,8
61,5397025,17901,0,5.592938764469163,9.64309326365476,0.012135102413594723,-3.995875307890458,568.9,2,5,13,0,0,1,2,16,0,4
62,5491887,18974,0,5.645941386361563,10.155653068209343,0.013019747100770473,-4.003660980700391,567.4,2,4,14,0,0,1,1,14,1,6
63,5594469,20519,0,5.533030738258427,8.78866402147411,0.012481684796512127,-3.9986588208494935,557.9,2,1,14,2,1,0,2,12,0,8
64,5660297,13173,0,6.017498535437726,8.137040289986933,0.01317859161645174,-4.0025025691673335,573.2,0,6,2,1,11,0,0,14,0,6
65,5731897,14324,0,5.755499037799806,9.746124413069385,0.011277467012405396,-3.9898437097131856,562.3,0,7,8,0,5,0,0,12,0,8
66,5821964,18017,0,5.332184381891767,11.452280390915652,0.009879406541585922,-3.9940809624874083,561.8,0,1,11,1,7,0,0,14,0,6
67,5909747,17562,0,5.599763579764191,12.296430633084647,0.012142181396484375,-4.009092184177986,554.5,1,0,10,0,9,0,1,16,0,4
68,5980720,14200,0,5.671767812589525,12.16661541257106,0.011357228271663189,-3.9964033761662496,566.5,0,4,6,0,10,0,0,14,0,6
69,6067038,17268,0,5.3782206425408345,12.337114315301367,0.010964483954012394,-3.9984014552308365,562.0,3,2,10,2,3,0,3,14,0,6
70,6158971,18390,0,4.930703246567546,12.240641349939757,0.008340810425579548,-3.9880899223832738,579.9,6,1,11,1,1,0,4,18,2,2
71,6255568,19323,0,5.213585836222433,12.432466109704757,0.00815595779567957,-3.9993487484539134,505.9,5,0,11,0,4,0,5,20,0,0
72,6331403,15173,0,4.865744318934127,12.795258955659152,0.008188463747501373,-4.000556714531774,489.8,4,5,4,0,7,0,4,14,0,6
73,6391942,12114,0,4.766059152148474,13.307558677289792,0.008881045505404472,-4.004490679987629,498.3,6,7,5,0,2,0,6,14,0,6
74,6457246,13069,0,4.990681398205863,13.10041779798268,0.007281422149389982,-3.987265938451564,497.6,6,7,5,2,0,0,5,12,1,8
75,6527548,14065,0,5.052192864840115,13.905949318116559,0.007785144727677107,-4.004032912798467,486.3,14,0,6,0,0,0,14,18,0,2
76,6609264,16348,0,5.385301604170597,12.989460882622542,0.00932138878852129,-4.009126151952704,494.3,8,0,9,0,3,1,8,18,0,2
77,6682644,14680,0,6.026690491197544,12.924231470280837,0.009255683049559593,-3.9994410730999888,498.1,7,2,11,0,0,1,5,16,2,4
78,6786394,20753,0,5.885847075803593,15.03451190332341,0.008775352500379086,-3.997845568496314,464.4,1,3,16,0,0,1,1,14,0,6
79,6856614,14050,0,5.998041333490419,15.067886456187509,0.009378044866025448,-4.004362990542239,508.3,11,0,7,1,1,0,9,18,2,2
80,6956526,19987,0,5.908646711468393,14.99196320087763,0.009360825642943382,-3.999391717598712,527.3,2,0,11,2,5,1,2,16,0,4
81,7047964,18291,0,6.164248008724377,14.551480877360992,0.00909621175378561,-3.9992309855591,579.7,4,1,11,0,4,1,3,18,1,2
82,7112751,12962,0,5.682461652550097,16.346825573293906,0.009077558293938637,-3.9996794343380957,569.1,1,7,7,0,5,1,1,14,0,6
83,7175405,12539,0,5.801728824221429,15.988479438490897,0.010121856816112995,-4.008394616938767,572.0,13,2,4,1,0,0,12,14,1,6
84,7254560,15836,0,5.756302321806313,13.965640092263412,0.009085014462471008,-3.994093549706232,575.7,5,4,10,0,1,1,3,14,2,6
85,7338958,16882,0,5.722720343232536,14.883273739877463,0.007404832169413567,-3.988985570611695,574.0,4,2,12,0,2,1,3,16,1,4
86,7405588,13329,0,5.6862643144611695,16.07620825822252,0.009284109808504581,-4.015874498075963,512.3,6,4,10,0,0,1,4,14,2,6
87,7489180,16722,0,6.009499813912659,16.112555770123492,0.008299495093524456,-3.993706753900955,448.9,4,2,12,2,0,1,2,12,2,8
88,7582174,18602,0,6.160306456210523,16.103953499830407,0.008231746964156628,-3.9998513198952406,464.4,5,0,14,0,1,1,5,18,0,2
89,7656608,14890,0,6.3338633934149735,15.93739067574649,0.008857649751007557,-4.003695205284334,477.5,9,0,11,0,0,1,9,18,0,2
90,7719647,12612,0,6.315913208875814,15.947326702350214,0.008478960953652859,-3.9965970954969126,507.7,8,5,7,0,0,2,5,12,3,8
91,7764494,8974,0,6.284510915319771,16.107227603550182,0.009235790930688381,-4.010317069452803,463.1,13,2,5,0,0,2,8,12,5,8
92,7818289,10764,0,6.289685830080744,15.900488857264326,0.008763656951487064,-3.9959421467267195,441.6,11,2,7,0,0,3,8,14,3,6
93,7895589,15463,0,6.195816612602907,14.481500407189762,0.009023823775351048,-4.001821525283614,540.4,5,3,12,0,0,4,5,20,5,20
94,7959859,12860,0,6.52484322303376,12.87778891645731,0.009725037962198257,-4.005432079924766,551.2,5,9,5,1,0,4,5,20,5,20
95,8017000,11434,0,6.559596651799825,11.628060486572323,0.010616151615977287,-4.006982910188945,540.8,11,1,8,0,0,4,11,20,11,20
96,8060836,8774,0,7.283805553614753,9.312277147947642,0.0127255879342556,-4.0221994556597,552.0,10,4,3,3,0,4,10,20,10,20
97,8092119,6263,0,7.554603583055545,7.973341155762149,0.01067280676215887,-3.9727222579138055,538.5,13,1,2,4,0,4,13,20,13,20
98,8133426,8269,0,7.6369210770116025,9.877673494612555,0.010457715950906277,-3.997668797829402,543.5,14,0,3,3,0,4,14,20,14,20
99,8192061,11732,0,7.563413338778249,11.277921105179004,0.00899127870798111,-3.988085762941508,547.9,9,2,6,3,0,4,9,20,9,20
100,8229665,7526,0,7.309837080334337,11.719877321986862,0.009307078085839748,-4.004220363721865,540.1,14,1,5,0,0,4,14,20,14,20
101,8279831,10038,0,7.710079044786481,11.557574956201893,0.009584475308656693,-4.004049501943503,550.4,11,3,6,0,0,4,11,20,11,20
102,8357362,15510,0,7.107804989922362,12.188315493087474,0.00926631223410368,-3.9985810053725155,558.2,8,0,12,0,0,4,8,20,8,20
103,8391673,6867,0,7.819347065748807,12.79314705904384,0.008615348488092422,-3.9901049930802492,575.5,16,0,4,0,0,4,16,20,16,20
104,8459575,13586,0,7.717686955494995,13.602413353610421,0.009805703535676003,-4.008508932251792,549.8,10,0,10,0,0,4,10,20,10,20
105,8506152,9321,0,7.537483827019822,13.810130290240258,0.008995717391371727,-3.9914376976382333,567.8,12,2,6,0,0,4,12,20,12,20
106,8599387,18649,0,7.5661980863665566,13.585274070445395,0.008872910402715206,-3.9994077060655893,569.5,5,0,15,0,0,4,5,20,5,20
107,8655610,11250,0,7.183787016020881,12.935313321770563,0.01009057741612196,-4.010898912302653,556.7,11,1,8,0,0,4,11,20,11,20
108,8724175,13717,0,7.685460677853981,12.555050825337466,0.009664710611104965,-3.996898188243031,573.0,10,0,10,0,0,4,10,20,10,20
109,8765646,8299,0,8.034492443176418,12.401683884538043,0.009331324137747288,-3.99515848519472,574.6,15,0,5,0,0,4,15,20,15,20
110,8823166,11509,0,8.035823494027621,12.41608189546282,0.009745398536324501,-4.003481363378047,558.8,11,1,8,0,0,4,11,20,11,20
111,8876770,10725,0,8.0478349458032,12.557396815462267,0.009748837910592556,-3.9999063303976348,571.9,12,1,7,0,0,4,12,20,12,20
112,8938463,12344,0,8.05429297983067,11.366149419557717,0.009245811030268669,-3.9961163850859704,563.9,11,0,9,0,0,4,11,20,11,20
113,8984709,9255,0,7.867825124690109,11.252315056768383,0.010132789611816406,-4.010417165709856,566.2,12,2,6,0,0,4,12,20,12,20
114,9042397,11544,0,8.203651037839082,11.13191070142754,0.00898428913205862,-3.988965236409538,566.7,8,4,8,0,0,4,8,20,8,20
115,9098257,11176,0,8.003742456649489,11.480699034721065,0.00939155463129282,-4.004425214372879,564.1,12,0,8,0,0,4,12,20,12,20
116,9143983,9151,0,8.257497076753214,11.468758354290184,0.009539376944303513,-4.001606788599821,561.6,13,1,6,0,0,4,13,20,13,20
117,9201700,11548,0,7.599656650959764,11.172157592310144,0.009801313281059265,-4.002253341311437,565.3,10,2,8,0,0,4,10,20,10,20
118,9243429,8353,0,7.812778340518567,10.611509080705536,0.009888450615108013,-4.000810423540124,569.1,14,1,5,0,0,4,14,20,14,20
119,9317505,14820,0,7.991896057691973,10.05466157666102,0.009809271432459354,-4.000077987923796,566.0,8,1,11,0,0,4,8,20,8,20
120,9369015,10309,0,7.999072271656581,10.724345756856023,0.009416473098099232,-3.9955907455643787,549.5,10,2,7,1,0,4,10,20,10,20
121,9420258,10254,0,7.890022418641756,11.466190154379936,0.009713475592434406,-4.003442736427198,567.0,13,0,7,0,0,4,13,20,13,20
122,9459230,7802,0,7.780947123054235,11.341999535528826,0.010196663439273834,-4.006266297178065,564.8,13,2,5,0,0,4,13,20,13,20
123,9477680,3697,0,8.159104076307594,11.301019733455783,0.009391693398356438,-3.974375584978718,573.7,18,1,1,0,0,4,18,20,18,20
124,9523707,9211,0,8.116504832958245,11.448350743172728,0.009300601668655872,-3.9989620800088717,560.6,14,0,6,0,0,4,14,20,14,20
125,9554714,6209,0,7.763594887225519,11.205466916008566,0.00927672814577818,-4.00037613155416,564.0,16,1,3,0,0,4,16,20,16,20
126,9597903,8643,0,7.68526480535273,10.998941655624083,0.009654798544943333,-4.005052847483223,570.6,14,0,6,0,0,4,14,20,14,20
127,9629225,6270,0,7.613398869452104,10.452624802422106,0.009732387028634548,-4.00087527993003,570.1,16,1,3,0,0,4,16,20,16,20
128,9688715,11902,0,7.662934011239963,10.188478341955555,0.01001704204827547,-4.002825267233582,567.0,11,0,9,0,0,4,11,20,11,20
129,9755991,13458,0,7.740109350036806,9.48096349878578,0.010806635022163391,-4.006379282373538,573.1,10,0,10,0,0,4,10,20,10,20
130,9823970,13601,0,8.179243872949423,8.140731008160106,0.01168861985206604,-4.006630014789498,573.5,7,3,10,0,0,4,7,20,7,20
131,9866679,8547,0,8.787828614394595,6.709924803190068,0.011779699474573135,-4.001490836870437,569.0,12,3,5,0,0,4,12,20,12,20
132,9897191,6110,0,8.841065004297247,6.583579398613612,0.01080609392374754,-3.9838285962805617,564.7,16,2,2,0,0,4,16,20,16,20
133,9977868,16138,0,8.916655651165925,6.65895204412341,0.015086853876709938,-4.024036698114445,570.0,7,1,12,0,0,4,7,20,7,20
134,10033690,11170,0,10.149289408110036,1.981532088150216,0.011855530552566051,-3.9750367675813694,572.9,12,0,8,0,0,4,12,20,12,20
135,10110913,15447,0,8.679166041107681,4.28986541097057,0.01078000571578741,-3.9929381320104094,572.4,7,1,12,0,0,4,7,20,7,20
136,10188802,15582,0,9.103701558977292,7.198155507927313,0.011395780369639397,-4.0051978758433835,571.1,6,2,12,0,0,4,6,20,6,20
137,10258006,13845,0,14.083956079596687,3.3472346495456238,0.016022153198719025,-4.030147253799714,566.6,10,0,10,0,0,4,10,20,10,20
138,10293223,7049,0,14.543693644693683,3.2213954812293357,0.01466695312410593,-3.9853758587703956,571.2,11,5,3,1,0,4,11,20,11,20
139,10383005,17959,0,16.387705476387975,6.678658557682275,0.01723608747124672,-4.010965747154597,569.0,5,2,13,0,0,4,5,20,5,20
140,10444045,12213,0,17.78179548378806,4.266383922668393,0.016990557312965393,-3.998538211357737,572.6,10,1,9,0,0,4,10,20,10,20
141,10524224,16039,0,15.446221790584858,5.197586910516828,0.014535379596054554,-3.988684196663628,563.9,4,5,11,0,0,4,4,20,4,20
142,10565793,8321,0,12.7946599789099,8.116304764716388,0.013915803283452988,-3.9942986055744796,558.7,13,1,6,0,0,4,13,20,13,20
143,10593569,5562,0,12.358536444307017,8.380052994916612,0.014306739903986454,-4.0045227610949174,566.2,14,3,3,0,0,4,14,20,14,20
144,10643301,9951,0,11.4675839824205,8.888840834203886,0.012369302101433277,-3.98313398467106,566.6,10,4,6,0,0,4,10,20,10,20
145,10687899,8927,0,11.521079272802966,9.03838711441518,0.013487529940903187,-4.013158473854197,573.3,8,9,3,0,0,4,8,20,8,20
146,10763089,15042,0,11.668837065345476,4.505963717633233,0.011653147637844086,-3.987926039808593,551.4,9,0,11,0,0,4,9,20,9,20
147,10818219,11032,0,11.383543087205997,4.792696834150823,0.011019019410014153,-3.9944320882551043,566.1,11,2,7,0,0,4,11,20,11,20
148,10844981,5360,0,11.397241746311757,4.938049714748206,0.013431315310299397,-4.049427702222298,560.6,16,2,2,0,0,4,16,20,16,20
149,10890069,9022,0,12.730814440343947,1.1438990149310888,0.014069576747715473,-4.006744503737077,567.9,14,0,6,0,0,4,14,20,14,20
150,10920980,6188,0,11.598699971253284,0.743071757071563,0.011534438468515873,-3.9592984606160915,565.0,16,1,3,0,0,4,16,20,16,20
151,10968203,9451,0,11.271911321121754,3.0764170585360024,0.012468853034079075,-4.00977330462111,566.9,14,1,5,0,0,4,14,20,14,20
152,11038689,14101,0,11.446477400395104,3.152360197795206,0.011056071147322655,-3.9894673564604655,566.9,6,4,10,0,0,4,6,20,6,20
153,11077417,7750,0,10.64374042824776,5.00323743670602,0.010290336795151234,-3.9882630971785513,568.8,13,2,5,0,0,4,13,20,13,20
154,11132177,10956,0,10.821995123976032,5.3561727685453295,0.011129993945360184,-4.011254598337962,568.1,10,2,8,0,0,4,10,20,10,20
155,11197904,13149,0,10.398849999444984,5.868640752754445,0.009777883999049664,-3.9869373463362248,566.0,10,1,9,0,0,4,10,20,10,20
156,11277290,15881,0,10.359897272344066,6.295391121155204,0.012104888446629047,-4.018441431048415,569.1,5,3,12,0,0,4,5,20,5,20
157,11337313,12009,0,16.42907799962895,-3.9683768721293506,0.016189001500606537,-4.035401927073816,567.3,8,3,9,0,0,4,8,20,8,20
158,11384087,9360,0,18.95964252408753,-10.66884059001429,0.013217219151556492,-3.970252897010909,570.4,11,2,6,1,0,4,11,20,11,20
159,11446154,12416,0,14.89963542643128,-1.7086445185915116,0.012401329353451729,-3.9942642511972752,574.2,11,0,9,0,0,4,11,20,11,20
160,11495308,9838,0,12.837523071110116,2.7348105531760676,0.010967349633574486,-3.9821674530281723,568.8,11,3,6,0,0,4,11,20,11,20
161,11550734,11091,0,12.538021298033522,3.4573691876360124,0.011702349409461021,-4.00803816513056,573.5,11,5,4,0,0,4,11,20,11,20
162,11569144,3687,0,11.318525564259943,3.862675768373004,0.0113821504637599,-3.9908348423114854,571.5,19,0,1,0,0,4,19,20,19,20
163,11633292,12835,0,11.583559563487803,4.428808471344536,0.009586663916707039,-3.9820984654264966,574.2,9,4,7,0,0,4,9,20,9,20
164,11699919,13329,0,10.80522555818042,6.066294213627935,0.009298358112573624,-3.9969418147596025,573.8,8,2,10,0,0,4,8,20,8,20
165,11767134,13446,0,10.373046711550463,6.39581347634692,0.009427103213965893,-4.001775004617979,571.4,9,1,10,0,0,4,9,20,9,20
166,11817936,10165,0,10.432642450933086,5.626250738985892,0.009851857088506222,-4.0068431486241405,575.2,11,3,6,0,0,4,11,20,11,20
167,11873205,11058,0,10.684561620549454,4.337802520803709,0.01006242074072361,-4.00219859178253,561.9,12,1,7,0,0,4,12,20,12,20
168,11949061,15175,0,12.34791036827364,2.72714645207812,0.00938586425036192,-3.993627313978393,570.0,8,0,11,1,0,4,8,20,8,20
169,12024542,15100,0,11.525106475732185,2.7802858335046183,0.00948114600032568,-4.001356850049354,573.9,7,2,11,0,0,4,7,20,7,20
170,12091164,13327,0,14.791064866120292,-4.821554331967503,0.011851160787045956,-4.028064861671148,569.7,9,1,10,0,0,4,9,20,9,20
171,12163753,14523,0,13.306418929178507,-4.033199899043786,0.00920681469142437,-3.9746527898034993,573.3,9,1,10,0,0,4,9,20,9,20
172,12208994,9053,0,10.485954343686641,1.922108022875711,0.009396661072969437,-4.0042093583632345,568.5,13,2,5,0,0,4,13,20,13,20
173,12244998,7206,0,9.766058635784459,3.642189357810233,0.007820125669240952,-3.964108768251913,572.4,16,0,4,0,0,4,16,20,16,20
174,12300152,11036,0,9.002618902573857,4.366030800968797,0.006363913416862488,-3.9725414394208944,574.3,12,0,8,0,0,4,12,20,12,20
175,12352559,10489,0,8.513544396843148,4.908359796114231,0.006693074945360422,-4.009309938222394,573.8,13,1,5,1,0,4,13,20,13,20
176,12399080,9308,0,9.389029132612897,3.8705120960536257,0.007835137657821178,-4.030070632042985,576.1,12,2,5,1,0,4,12,20,12,20
177,12448349,9859,0,8.920348855566212,2.3983404890741147,0.006942073814570904,-3.9789996426467518,571.7,14,0,6,0,0,4,14,20,14,20
178,12505463,11428,0,9.529610349356314,1.2896768903300442,0.007134239189326763,-4.005109419512256,574.5,10,2,7,1,0,4,10,20,10,20
179,12545138,7941,0,9.612414996219574,-0.025713713979213668,0.006355874240398407,-3.976045869997325,573.6,14,3,3,0,0,4,14,20,14,20
180,12598297,10637,0,9.04676900654569,1.1371002432837616,0.005801423452794552,-3.9881147434357986,558.5,11,2,7,0,0,4,11,20,11,20
181,12641638,8675,0,8.648584826714023,1.906112512466887,0.007312472444027662,-4.044699779147717,572.3,14,1,5,0,0,4,14,20,14,20
182,12710607,13798,0,8.395279899976067,1.4871339167239166,0.005773605313152075,-3.9734127137743576,570.4,8,2,6,4,0,4,8,20,8,20
183,12777123,13308,0,7.235946878374322,3.2175822436282155,0.006617470644414425,-4.017058300190872,572.1,10,1,9,0,0,4,10,20,10,20
184,12818451,8273,0,7.15391291209465,3.158695259272771,0.007014546077698469,-4.011871672823627,574.8,12,4,4,0,0,4,12,20,12,20
185,12850743,6466,0,6.828778841327375,2.7604579691303575,0.006412697955965996,-3.978304508592999,571.9,12,7,0,1,0,4,12,20,12,20
186,12896802,9218,0,6.967708187316394,2.528296217828323,0.00615686783567071,-3.9928830477958077,570.7,12,4,4,0,0,4,12,20,12,20
187,12932943,7234,0,7.401137064892118,2.5264310191226067,0.006820899900048971,-4.024291941893506,560.5,16,0,4,0,0,4,16,20,16,20
188,12988437,11106,0,7.1631616084785605,2.4208529252560957,0.005816980265080929,-3.975491093597433,570.8,10,3,7,0,0,4,10,20,10,20
189,13057205,13757,0,6.640141962918897,2.3002047132103045,0.0056665982119739056,-3.9968426176617293,573.5,7,3,10,0,0,4,7,20,7,20
190,13124310,13426,0,6.151287832390476,1.9928839538986123,0.005982293281704187,-4.007936520617675,567.6,7,3,10,0,0,4,7,20,7,20
191,13180597,11262,0,6.294399662681296,1.8537363837514609,0.005581204779446125,-3.9905430502121795,570.3,12,0,8,0,0,4,12,20,12,20
192,13251544,14193,0,6.220711141856219,1.5708247153228219,0.005780861712992191,-4.003489971194485,568.9,9,0,11,0,0,4,9,20,9,20
193,13317438,13180,0,6.133076632674077,1.1216838386650332,0.005611184518784285,-3.9967747553889055,570.6,10,0,10,0,0,4,10,20,10,20
194,13353612,7241,0,5.8052536472565,0.7122964015316195,0.005894389934837818,-4.013024644057505,576.7,14,2,4,0,0,4,14,20,14,20
195,13402413,9766,0,5.834537162464367,0.6384768617830937,0.006407752633094788,-4.012087598751247,571.3,14,0,6,0,0,4,14,20,14,20
196,13441588,7841,0,6.096384867556377,0.563945827905187,0.0059619322419166565,-3.9865101998351906,576.6,15,1,4,0,0,4,15,20,15,20
197,13487485,9184,0,5.960401240100221,0.3459851772001967,0.005951663479208946,-3.99655217698123,557.6,14,0,6,0,0,4,14,20,14,20
198,13541458,10802,0,5.8136727617220005,0.10850847227275758,0.0057335966266691685,-3.9948446018522348,478.7,13,0,7,0,0,4,13,20,13,20
199,13584770,8669,0,5.712426769209507,-0.09064809904095486,0.005312962923198938,-3.987846375721826,572.0,14,1,5,0,0,4,14,20,14,20
200,13635952,10241,0,5.907201171561548,-0.19001059520277774,0.006030929274857044,-4.021604435342141,578.8,13,0,7,0,0,4,13,20,13,20
201,13669007,6616,0,5.778807709518338,-0.25705169130819416,0.0060468330048024654,-4.004196980195582,572.9,17,0,3,0,0,4,17,20,17,20
202,13710317,8269,0,5.829064319926372,-0.6080553111444434,0.005904643330723047,-3.9968394058793586,576.7,15,0,5,0,0,4,15,20,15,20
203,13791185,16177,0,5.690776961558813,-0.7140752448309866,0.005363730248063803,-3.990421171159468,577.8,5,2,12,1,0,4,5,20,5,20
204,13828008,7370,0,5.449057700012885,-0.9156654959375208,0.005935240536928177,-4.022206464842507,584.2,16,0,4,0,0,4,16,20,16,20
