epoch,episode,env_steps,d_loss,wasserstein_est,g_loss,predictor_loss,n_valid_points,epoch_win_rate,epoch_completions,feasible_buffer_size
0,20,45831,,,-0.21992574632167816,0.17018646225333214,10,0.0,20,0
1,40,110442,,,-0.08180547505617142,0.07238741125911474,10,0.0,20,14
2,60,229735,9.981908798217773,0.001961424946784973,0.0065256208181381226,0.02243656595237553,10,0.0,20,17
3,80,341297,9.977952003479004,0.0017857998609542847,0.04815974086523056,0.012167996494099498,10,0.05,20,25
4,100,461297,9.985855102539062,-0.01021953672170639,0.04503868892788887,0.008728908700868487,10,0.0,20,29
5,120,581297,9.975763320922852,-0.003017239272594452,0.06325557827949524,0.006000083708204329,10,0.0,20,35
6,140,701297,9.971919059753418,-0.0033006668090820312,0.07500636577606201,0.006890056584961712,10,0.05,20,41
7,160,821297,9.968963623046875,-0.00439346581697464,0.09010373055934906,0.01731119884643704,10,0.15,20,49
8,180,938570,9.976080894470215,-0.012923486530780792,0.06601785123348236,0.019463081425055862,10,0.1,20,55
9,200,1058570,9.983416557312012,-0.021828897297382355,0.07793375104665756,0.02363309357315302,10,0.1,20,59
10,220,1174514,9.99066162109375,-0.030614212155342102,0.05265042930841446,0.021203882759436965,10,0.0,20,65
11,240,1294345,9.978201866149902,-0.01920626312494278,0.056115373969078064,0.023962403112091125,10,0.0,20,67
12,260,1411893,9.974935531616211,-0.017438530921936035,0.03792792186141014,0.023813930922187865,10,0.0,20,72
13,280,1531893,9.995501518249512,-0.04093097150325775,0.042302463203668594,0.017396954377181827,10,0.05,20,76
14,300,1651893,9.987194061279297,-0.03266404569149017,0.038892559707164764,0.021859481814317405,10,0.0,20,82
15,320,1769243,9.990164756774902,-0.03515902906656265,0.035142652690410614,0.014169508591294289,10,0.0,20,85
16,340,1881968,9.992083549499512,-0.03906241059303284,0.06508488953113556,0.0158629136858508,10,0.0,20,90
17,360,1987277,9.990715980529785,-0.03766656666994095,0.03503226488828659,0.01702995887026191,10,0.05,20,99
18,380,2102851,9.988948822021484,-0.03653249889612198,0.037133459001779556,0.017911092293797993,10,0.1,20,108
19,400,2221020,9.975489616394043,-0.024425268173217773,0.019733255729079247,0.019310489250347018,10,0.05,20,115
20,420,2328933,9.989739418029785,-0.04082846641540527,0.03532957285642624,0.023609836358809845,10,0.05,20,123
21,440,2412140,,,0.012252501025795937,0.21762731671333313,10,0.0,20,0
22,460,2470863,,,0.09389925152063369,0.09221258983016015,10,0.0,20,0
23,480,2525739,,,0.1710108369588852,0.01957305525429547,10,0.0,20,0
24,500,2583536,,,0.19649254083633422,0.004314794426318258,10,0.0,20,0
25,520,2626071,,,0.20687021017074586,0.0022089910868089645,10,0.0,20,0
26,540,2675289,,,0.21189262866973876,0.0013478596898494287,10,0.0,20,0
27,560,2728020,,,0.2151228368282318,0.0008667344489367678,10,0.0,20,0
28,580,2799645,,,0.21484569907188417,0.0006224807453691028,10,0.0,20,0
29,600,2857651,,,0.2170322448015213,0.0005536291093449109,10,0.0,20,0
30,620,2910838,,,0.21987395882606506,0.00042699467157945035,10,0.0,20,0
31,640,2955447,,,0.22370367050170897,0.00031848744474700653,10,0.0,20,0
32,660,3010485,,,-0.09270524978637695,0.0016856942340382375,10,0.05,20,1
33,680,3074112,5.468608856201172,-0.1865997314453125,-0.38895551562309266,0.003114297554566292,10,0.0,20,1
34,700,3170203,3.290148973464966,-0.2958289086818695,-0.6486834764480591,0.0011019700490578544,10,0.0,20,1
35,720,3260033,1.7310385704040527,-0.3676941394805908,-0.8736132144927978,0.001791636675625341,10,0.0,20,1
36,740,3356220,0.8994935750961304,-0.40279877185821533,-1.047055721282959,0.0012206422845338239,10,0.0,20,1
37,760,3448517,0.45126035809516907,-0.37254250049591064,-1.1337570667266845,0.0019350966507772683,10,0.0,20,1
38,780,3519646,0.282053142786026,-0.26967430114746094,-1.1452406406402589,0.009344055637484416,10,0.15,20,2
39,800,3583576,0.04803226888179779,-0.043085336685180664,-1.1218358278274536,0.008895537899297779,10,0.0,20,2
40,820,3666003,0.03777182474732399,-0.029729127883911133,-1.1447216987609863,0.005975646667502587,10,0.05,20,3
41,840,3749184,0.04114990681409836,-0.034389495849609375,-1.1733546495437621,0.007560021028621122,10,0.0,20,3
42,860,3826605,0.03275702893733978,-0.02882099151611328,-1.1905795812606812,0.0063586335454601794,10,0.0,20,3
43,880,3900282,0.01379123330116272,-0.012390732765197754,-1.2032180070877074,0.007646249552635709,10,0.05,20,4
44,900,3978315,0.014636650681495667,-0.012453317642211914,-1.2534157991409303,0.009697076988231856,10,0.0,20,4
45,920,4040554,0.024754073470830917,-0.023682475090026855,-1.2561756134033204,0.007071468079811893,10,0.0,20,4
46,940,4123408,0.014972059056162834,-0.014290213584899902,-1.2526399850845338,0.01148313270387007,10,0.15,20,5
47,960,4195918,0.22732014954090118,-0.21383047103881836,-1.2192590236663818,0.010679419134976342,10,0.0,20,5
48,980,4294870,0.06720063835382462,-0.05431067943572998,-1.1609695911407472,0.016057059296872466,10,0.0,20,5
49,1000,4384006,0.022299140691757202,-0.013262629508972168,-1.0918040513992309,0.009092223610787186,10,0.05,20,6
50,1020,4452886,0.12383989244699478,-0.0743708610534668,-1.0518583297729491,0.01638480282126693,10,0.15,20,7
51,1040,4546316,0.10953443497419357,-0.06330323219299316,-1.056025218963623,0.01947239119617734,10,0.0,20,7
52,1060,4624749,0.04218512400984764,0.010621905326843262,-1.0419349431991578,0.0129168041414232,10,0.0,20,7
53,1080,4705067,-0.06585616618394852,0.11909830570220947,-1.018131184577942,0.012470141416997649,10,0.05,20,8
54,1100,4812079,0.16570007801055908,0.017455339431762695,-0.9861948847770691,0.01134176183550153,10,0.0,20,8
55,1120,4894383,-0.014492116868495941,0.11647701263427734,-0.9386343359947205,0.010601906725787558,10,0.0,20,8
56,1140,4955895,-0.022833742201328278,0.11027193069458008,-0.8844658374786377,0.016425500260083936,10,0.1,20,8
57,1160,5046503,-0.1268540918827057,0.21641802787780762,-0.7882336497306823,0.014104374102316797,10,0.0,20,8
58,1180,5149739,-0.10004880279302597,0.21089160442352295,-0.7232183337211608,0.016818095318740234,10,0.2,20,10
59,1200,5224234,-0.09740302711725235,0.18270617723464966,-0.7059365034103393,0.01818676520488225,10,0.15,20,13
60,1220,5307535,-0.03925951570272446,0.1604090929031372,-0.6374182820320129,0.02445594382006675,10,0.4,20,19
61,1240,5397025,-0.05821715295314789,0.1541997790336609,-0.5709988474845886,0.03012186069972813,10,0.1,20,19
62,1260,5491887,-0.09145410358905792,0.1813948154449463,-0.475313663482666,0.02882837972138077,10,0.1,20,21
63,1280,5594469,-0.17435364425182343,0.32239532470703125,-0.3419078588485718,0.026106526842340827,10,0.1,20,21
64,1300,5660297,-0.14486446976661682,0.30624139308929443,-0.27595672607421873,0.030089581082575024,10,0.0,20,21
65,1320,5731897,-0.2616311311721802,0.37943851947784424,-0.22904767096042633,0.027790143905440344,10,0.0,20,21
66,1340,5821964,-0.12130504846572876,0.25004053115844727,-0.2564146101474762,0.022169434931129217,10,0.0,20,21
67,1360,5909747,-0.07465756684541702,0.14433568716049194,-0.307033896446228,0.023600333282956854,10,0.05,20,22
68,1380,5980720,-0.22012874484062195,0.30047547817230225,-0.35461204051971434,0.018853610125370325,10,0.0,20,22
69,1400,6067038,-0.2253037691116333,0.2878791093826294,-0.36511720418930055,0.021691414239467122,10,0.15,20,23
70,1420,6158971,-0.3263073265552521,0.3786225914955139,-0.3970841884613037,0.028615491511300207,10,0.3,20,25
71,1440,6255568,-0.32343345880508423,0.4037942886352539,-0.4603981554508209,0.037135781114920975,10,0.25,20,28
72,1460,6331403,-0.27224770188331604,0.37305426597595215,-0.6087351083755493,0.03244093607645482,10,0.2,20,30
73,1480,6391942,-0.05063357949256897,0.17656755447387695,-0.8188013911247254,0.03777772597968578,10,0.3,20,34
74,1500,6457246,0.07052814960479736,0.0583118200302124,-1.024495780467987,0.03549433504231274,10,0.3,20,36
75,1520,6527548,0.19612383842468262,-0.0013426542282104492,-1.2576801538467408,0.04634872330352664,10,0.7,20,38
76,1540,6609264,0.39436283707618713,-0.10549747943878174,-1.4944877624511719,0.04340166482143104,10,0.4,20,42
77,1560,6682644,0.329944372177124,-0.12190067768096924,-1.5618922472000123,0.05458199623972178,10,0.35,20,47
78,1580,6786394,0.34020447731018066,0.05935835838317871,-1.463291835784912,0.04804618740454316,10,0.05,20,48
79,1600,6856614,0.146004781126976,0.10327780246734619,-1.2864745378494262,0.0539181349799037,10,0.55,20,51
80,1620,6956526,-0.029797375202178955,0.24494707584381104,-1.1009924411773682,0.05391556257382035,10,0.1,20,53
81,1640,7047964,-0.12599137425422668,0.20651352405548096,-0.9672399759292603,0.05794583037495613,10,0.2,20,57
82,1660,7112751,-0.05925211310386658,0.12247657775878906,-0.8829076528549195,0.05251318793743849,10,0.05,20,58
83,1680,7175405,-0.07779310643672943,0.13501572608947754,-0.8395470261573792,0.055885099619626996,10,0.65,20,61
84,1700,7254560,-0.10595135390758514,0.14800429344177246,-0.7908147215843201,0.05317378928884864,10,0.25,20,64
85,1720,7338958,-0.06204105168581009,0.1142505407333374,-0.8017959475517273,0.062294155918061735,10,0.2,20,68
86,1740,7405588,-0.13786642253398895,0.1900627613067627,-0.8118353962898255,0.06174124414101243,10,0.3,20,70
87,1760,7489180,-0.17374253273010254,0.21121031045913696,-0.7552018284797668,0.05171096175909042,10,0.2,20,72
88,1780,7582174,-0.10989461839199066,0.15259528160095215,-0.7942058563232421,0.05847451407462358,10,0.25,20,75
89,1800,7656608,-0.05374527722597122,0.08968520164489746,-0.8445561766624451,0.0676963010802865,10,0.45,20,76
90,1820,7719647,0.010384347289800644,0.04244101047515869,-0.8327142834663391,0.06484669037163257,10,0.4,20,82
91,1840,7764494,-0.11863601207733154,0.1644170880317688,-0.8819848656654358,0.06385973012074828,10,0.65,20,85
92,1860,7818289,-0.08576022833585739,0.14007651805877686,-0.9121008515357971,0.0732409417629242,10,0.55,20,88
93,1880,7895589,-0.10322357714176178,0.141340970993042,-0.8777475833892823,0.0689918634481728,10,0.25,20,89
94,1900,7959859,-0.13118630647659302,0.1906985640525818,-0.8876930952072144,0.06828896692022682,10,0.25,20,90
95,1920,8017000,-0.14404715597629547,0.19119566679000854,-0.8931787133216857,0.07600394729524851,10,0.55,20,91
96,1940,8060836,-0.15325631201267242,0.2335669994354248,-0.9361790537834167,0.07824818566441535,10,0.5,20,97
97,1960,8092119,0.06764741986989975,0.00516963005065918,-0.984397542476654,0.07222802396863699,10,0.65,20,98
98,1980,8133426,-0.04031521826982498,0.09980642795562744,-0.9723515033721923,0.07809362672269345,10,0.7,20,98
99,2000,8192061,-0.07499206811189651,0.14619314670562744,-1.0399105429649353,0.07890684828162194,10,0.45,20,99
100,2020,8229665,-0.11987131088972092,0.1696033477783203,-1.0614965438842774,0.08240690417587757,10,0.7,20,101
101,2040,8279831,-0.08833623677492142,0.16525840759277344,-1.0955620288848877,0.0719113389030099,10,0.55,20,102
102,2060,8357362,0.013995856046676636,0.1056513786315918,-1.1136873006820678,0.08507980164140463,10,0.4,20,102
103,2080,8391673,-0.09534549713134766,0.17809343338012695,-1.08115816116333,0.08996176943182946,10,0.8,20,102
104,2100,8459575,-0.03320053219795227,0.1340388059616089,-1.1060582399368286,0.08126519937068225,10,0.5,20,104
105,2120,8506152,0.07682986557483673,0.036263465881347656,-1.0793502807617188,0.0851494625210762,10,0.6,20,106
106,2140,8599387,-0.08572199940681458,0.19137465953826904,-1.0562946319580078,0.08184901494532823,10,0.25,20,109
107,2160,8655610,-0.014821022748947144,0.10187768936157227,-1.041869306564331,0.08900556489825248,10,0.55,20,110
108,2180,8724175,-0.14079731702804565,0.23612821102142334,-1.0105458736419677,0.08279482256621122,10,0.5,20,112
109,2200,8765646,-0.0893602967262268,0.19540393352508545,-0.9916894674301148,0.08353896085172892,10,0.75,20,113
110,2220,8823166,-0.08664503693580627,0.1661759614944458,-1.0272324204444885,0.08395375795662403,10,0.55,20,116
111,2240,8876770,-0.037286072969436646,0.10942840576171875,-1.0323862791061402,0.08465029783546925,10,0.6,20,116
112,2260,8938463,-0.012702018022537231,0.17044734954833984,-1.0015424847602845,0.09001164194196462,10,0.55,20,117
113,2280,8984709,-0.055956341326236725,0.14719998836517334,-0.9634380459785461,0.08112159501761199,10,0.6,20,119
114,2300,9042397,-0.053946152329444885,0.17512381076812744,-0.9851221323013306,0.09178270921111106,10,0.4,20,119
115,2320,9098257,0.04008449614048004,0.13882184028625488,-0.9747389316558838,0.09250288493931294,10,0.6,20,119
116,2340,9143983,-0.10599993169307709,0.1715703010559082,-1.0081425070762635,0.08179499115794897,10,0.65,20,120
117,2360,9201700,-0.08228602260351181,0.162062406539917,-0.9891025304794312,0.09384981542825699,10,0.5,20,120
118,2380,9243429,-0.14427098631858826,0.20099151134490967,-0.9434530973434448,0.08929353151470423,10,0.7,20,122
119,2400,9317505,-0.04868588224053383,0.10987591743469238,-0.9844200134277343,0.0919154591858387,10,0.4,20,124
120,2420,9369015,-0.09957804530858994,0.14934253692626953,-1.0141233563423158,0.09000623244792223,10,0.5,20,126
121,2440,9420258,0.034995660185813904,0.09006857872009277,-1.0204338669776916,0.09500392433255911,10,0.65,20,127
122,2460,9459230,-0.12560606002807617,0.1851099729537964,-1.0266971111297607,0.09039804674685001,10,0.65,20,128
123,2480,9477680,-0.01860082894563675,0.08103883266448975,-1.0277334451675415,0.10087730530649423,10,0.9,20,130
124,2500,9523707,-0.0693177804350853,0.11169266700744629,-1.0671548128128052,0.08918729685246944,10,0.7,20,132
125,2520,9554714,-0.06182592362165451,0.1300884485244751,-1.1078376770019531,0.0935242548584938,10,0.8,20,134
126,2540,9597903,-0.08205489814281464,0.12574505805969238,-1.0803966283798219,0.09144766069948673,10,0.7,20,134
127,2560,9629225,-0.07760611176490784,0.11152040958404541,-1.0786374807357788,0.09499445967376233,10,0.8,20,136
128,2580,9688715,-0.03179410472512245,0.07932960987091064,-1.1259146928787231,0.09604447260499001,10,0.55,20,137
129,2600,9755991,-0.03532784804701805,0.06733405590057373,-1.1389762878417968,0.082320967130363,10,0.5,20,137
130,2620,9823970,-0.019905153661966324,0.06696927547454834,-1.1674193382263183,0.09657801892608404,10,0.35,20,138
131,2640,9866679,0.012865401804447174,0.06889760494232178,-1.175581407546997,0.09920396283268929,10,0.6,20,140
132,2660,9897191,-0.07766975462436676,0.13050293922424316,-1.1974247217178344,0.09163492098450661,10,0.8,20,140
133,2680,9977868,-0.1315549910068512,0.1993800401687622,-1.2070483684539794,0.08919398412108422,10,0.35,20,141
134,2700,10033690,0.026054516434669495,0.06231558322906494,-1.2519002437591553,0.09045762252062559,10,0.6,20,141
135,2720,10110913,-0.04260256141424179,0.11868572235107422,-1.2382653474807739,0.09400552604347467,10,0.35,20,142
136,2740,10188802,0.026352249085903168,0.021816015243530273,-1.2135733127593995,0.09892301857471467,10,0.3,20,144
137,2760,10258006,-0.020217522978782654,0.10155439376831055,-1.240533185005188,0.0930663786828518,10,0.5,20,144
138,2780,10293223,-0.008007872849702835,0.054682254791259766,-1.2588623762130737,0.08785233572125435,10,0.55,20,147
139,2800,10383005,0.008822880685329437,0.06500887870788574,-1.238478183746338,0.09559313151985407,10,0.25,20,150
140,2820,10444045,-0.034898579120635986,0.09478223323822021,-1.2385887861251832,0.10299535114318133,10,0.5,20,150
141,2840,10524224,-0.039401575922966,0.12167727947235107,-1.2419897317886353,0.09850142300128936,10,0.2,20,152
142,2860,10565793,-0.038326963782310486,0.14148473739624023,-1.2248075485229493,0.09538666307926177,10,0.65,20,155
143,2880,10593569,-0.1106223315000534,0.171372652053833,-1.2338578701019287,0.09790108129382133,10,0.7,20,155
144,2900,10643301,0.04583507776260376,0.08484625816345215,-1.2669598579406738,0.10524144135415554,10,0.5,20,157
145,2920,10687899,-0.08237950503826141,0.16647565364837646,-1.2588156461715698,0.09287588745355606,10,0.4,20,159
146,2940,10763089,-0.0637083426117897,0.11503362655639648,-1.2596203327178954,0.09547340217977762,10,0.45,20,160
147,2960,10818219,-0.061060212552547455,0.11807012557983398,-1.2885412693023681,0.0974778562784195,10,0.55,20,161
148,2980,10844981,-0.07336944341659546,0.18526089191436768,-1.2743586540222167,0.09005614519119262,10,0.8,20,163
149,3000,10890069,-0.1180817112326622,0.17109954357147217,-1.2342276096343994,0.08537685070186854,10,0.7,20,165
150,3020,10920980,-0.054406650364398956,0.15294229984283447,-1.2699931383132934,0.10186925306916236,10,0.8,20,167
151,3040,10968203,-0.1122816726565361,0.21549701690673828,-1.233429765701294,0.09272597581148148,10,0.7,20,169
152,3060,11038689,-0.013624712824821472,0.08078193664550781,-1.2297337770462036,0.09368577301502228,10,0.3,20,171
153,3080,11077417,0.04201632738113403,0.09219419956207275,-1.2500924110412597,0.09439643733203411,10,0.65,20,172
154,3100,11132177,0.018919900059700012,0.05467808246612549,-1.2507983446121216,0.10150965042412281,10,0.5,20,172
155,3120,11197904,-0.03169387951493263,0.08607184886932373,-1.2356904029846192,0.10203447807580232,10,0.5,20,174
156,3140,11277290,-0.09870661050081253,0.16595280170440674,-1.2591803073883057,0.0950880765914917,10,0.25,20,175
157,3160,11337313,-0.06190148741006851,0.13352429866790771,-1.2622596502304078,0.09641841780394315,10,0.4,20,177
158,3180,11384087,-0.021640010178089142,0.08902812004089355,-1.2656061887741088,0.10123516507446766,10,0.55,20,178
159,3200,11446154,-0.08405322581529617,0.12687194347381592,-1.2535012722015382,0.09357250351458787,10,0.55,20,179
160,3220,11495308,-0.0893951803445816,0.15310335159301758,-1.2553517818450928,0.09720382243394851,10,0.55,20,180
161,3240,11550734,-0.10203290730714798,0.16951215267181396,-1.2600682973861694,0.09917239118367434,10,0.55,20,183
162,3260,11569144,-0.03041733056306839,0.09662079811096191,-1.2568507671356202,0.10312804803252221,10,0.95,20,184
163,3280,11633292,-0.06065232306718826,0.10017824172973633,-1.2534154415130616,0.0920364836230874,10,0.45,20,185
164,3300,11699919,-0.06581111252307892,0.1255098581314087,-1.2636221170425415,0.09679398387670517,10,0.4,20,187
165,3320,11767134,-0.010749917477369308,0.0642465353012085,-1.2552969694137572,0.09408840537071228,10,0.45,20,188
166,3340,11817936,-0.06245124340057373,0.10683512687683105,-1.2676639556884766,0.0871600616723299,10,0.55,20,189
167,3360,11873205,-0.00799560546875,0.08006572723388672,-1.2756158113479614,0.09328744262456894,10,0.6,20,191
168,3380,11949061,-0.11070138216018677,0.17723453044891357,-1.286884617805481,0.09867659509181977,10,0.4,20,191
169,3400,12024542,-0.06690166890621185,0.12472021579742432,-1.2743422508239746,0.09998630136251449,10,0.35,20,194
170,3420,12091164,-0.10105832666158676,0.14393210411071777,-1.2770457983016967,0.09322783388197423,10,0.45,20,195
171,3440,12163753,-0.0780637189745903,0.12894821166992188,-1.2622686624526978,0.09224769994616508,10,0.45,20,196
172,3460,12208994,-0.04411116987466812,0.12279987335205078,-1.2635246753692626,0.0958259005099535,10,0.65,20,197
173,3480,12244998,-0.08354970812797546,0.13203036785125732,-1.268647313117981,0.10308136269450188,10,0.8,20,197
174,3500,12300152,-0.07915034145116806,0.1342775821685791,-1.2761169910430907,0.08778756074607372,10,0.6,20,197
175,3520,12352559,-0.06497520953416824,0.10121214389801025,-1.2938544511795045,0.10363990776240825,10,0.65,20,198
176,3540,12399080,-0.05496048554778099,0.11013650894165039,-1.3099460840225219,0.09663663487881421,10,0.6,20,198
177,3560,12448349,-0.05155618116259575,0.09981644153594971,-1.2889566898345948,0.09468314219266176,10,0.7,20,198
178,3580,12505463,-0.03127182275056839,0.0930335521697998,-1.2880640506744385,0.09843723382800817,10,0.5,20,200
179,3600,12545138,-0.09706960618495941,0.14687466621398926,-1.2611372947692872,0.09788734279572964,10,0.7,20,202
180,3620,12598297,-0.08705443888902664,0.12526333332061768,-1.2930686950683594,0.10066626258194447,10,0.55,20,205
181,3640,12641638,0.0128709077835083,0.07161104679107666,-1.3025295734405518,0.0958722647279501,10,0.7,20,207
182,3660,12710607,-0.0010354965925216675,0.060323238372802734,-1.2789875984191894,0.10124444626271725,10,0.4,20,207
183,3680,12777123,-0.03488614037632942,0.0729990005493164,-1.3141349315643311,0.09636215567588806,10,0.5,20,207
184,3700,12818451,-0.06801486760377884,0.12204539775848389,-1.29391508102417,0.10445891916751862,10,0.6,20,209
185,3720,12850743,-0.07132837176322937,0.13307058811187744,-1.3112686157226563,0.0876205712556839,10,0.6,20,211
186,3740,12896802,-0.03854338824748993,0.12198519706726074,-1.3083245992660522,0.09807480424642563,10,0.6,20,213
187,3760,12932943,-0.031014349311590195,0.06682765483856201,-1.3230546951293944,0.09908503349870443,10,0.8,20,213
188,3780,12988437,-0.024403147399425507,0.10371565818786621,-1.320323920249939,0.09149050414562225,10,0.5,20,213
189,3800,13057205,-0.039219990372657776,0.0712810754776001,-1.3278033971786498,0.09062248896807432,10,0.35,20,214
190,3820,13124310,-0.10744793713092804,0.16043543815612793,-1.332502579689026,0.09149969182908535,10,0.35,20,215
191,3840,13180597,-0.08127132058143616,0.13054490089416504,-1.3471340656280517,0.10511198230087757,10,0.6,20,215
192,3860,13251544,-0.09866619855165482,0.1502072811126709,-1.3528619050979613,0.0954818643629551,10,0.45,20,216
193,3880,13317438,-0.07682684063911438,0.13341832160949707,-1.3379693746566772,0.09745895899832249,10,0.5,20,216
194,3900,13353612,-0.11268918961286545,0.1493847370147705,-1.3431637287139893,0.10444068238139152,10,0.7,20,216
195,3920,13402413,-0.0878889262676239,0.12059688568115234,-1.3374775171279907,0.1017828792333603,10,0.7,20,216
196,3940,13441588,-0.08054915070533752,0.10956120491027832,-1.3461730480194092,0.09829274788498879,10,0.75,20,217
197,3960,13487485,-0.1214522272348404,0.15611732006072998,-1.3391926050186158,0.09282343536615371,10,0.7,20,217
198,3980,13541458,-0.06094417721033096,0.11059832572937012,-1.3323680639266968,0.09279688559472561,10,0.65,20,218
199,4000,13584770,-0.17267166078090668,0.2321336269378662,-1.336708927154541,0.09564147591590881,10,0.7,20,218
200,4020,13635952,-0.07483553886413574,0.11296796798706055,-1.3444933652877809,0.09215229116380215,10,0.65,20,219
201,4040,13669007,-0.07045748829841614,0.11551797389984131,-1.348754620552063,0.09493819884955883,10,0.85,20,220
202,4060,13710317,-0.1024794653058052,0.1436535120010376,-1.348171305656433,0.09486135970801116,10,0.75,20,221
203,4080,13791185,-0.1238655149936676,0.19052064418792725,-1.3510505437850953,0.09698532465845347,10,0.25,20,222
204,4100,13828008,-0.08783487975597382,0.1367107629776001,-1.3422814846038817,0.08372531607747077,10,0.8,20,224
